rep,rank,variable,description
1,1,l_CLI38,Mean temp. of warmest quarter [max] (°C)
1,2,l_CLI2,Ann. mean air temp. [max] (°C)
1,3,l_CLI57,Precip. seasonality (CV) [min] (kg/m²)
1,4,l_CLI18,Max temp. of warmest month [max] (°C)
1,5,l_CLI70,Precip. of warmest quarter [max] (kg/m²)
1,6,l_SOL26,Bulk density of the fine earth fraction (< 2 mm) [max] (kg/m³)
1,7,l_TOP102,Cell upstream distance (between focal cell and next cell) [max] (–)
1,8,l_CLI30,Mean temp. of wettest quarter [max] (°C)
1,9,l_CLI66,Precip. of driest quarter [max] (kg/m²)
1,10,l_CLI14,Temp. seasonality (SD × 100) [max] (°C/100)
2,1,l_CLI38,Mean temp. of warmest quarter [max] (°C)
2,2,l_CLI2,Ann. mean air temp. [max] (°C)
2,3,l_CLI18,Max temp. of warmest month [max] (°C)
2,4,l_CLI57,Precip. seasonality (CV) [min] (kg/m²)
2,5,l_CLI70,Precip. of warmest quarter [max] (kg/m²)
2,6,l_SOL26,Bulk density of the fine earth fraction (< 2 mm) [max] (kg/m³)
2,7,l_TOP102,Cell upstream distance (between focal cell and next cell) [max] (–)
2,8,l_SOL25,Bulk density of the fine earth fraction (< 2 mm) [min] (kg/m³)
2,9,l_CLI66,Precip. of driest quarter [max] (kg/m²)
2,10,l_CLI30,Mean temp. of wettest quarter [max] (°C)
3,1,l_CLI38,Mean temp. of warmest quarter [max] (°C)
3,2,l_CLI2,Ann. mean air temp. [max] (°C)
3,3,l_CLI57,Precip. seasonality (CV) [min] (kg/m²)
3,4,l_SOL26,Bulk density of the fine earth fraction (< 2 mm) [max] (kg/m³)
3,5,l_CLI18,Max temp. of warmest month [max] (°C)
3,6,l_TOP102,Cell upstream distance (between focal cell and next cell) [max] (–)
3,7,l_CLI70,Precip. of warmest quarter [max] (kg/m²)
3,8,l_SOL25,Bulk density of the fine earth fraction (< 2 mm) [min] (kg/m³)
3,9,l_SOL21,Coarse fragments by volume (>2 mm) [min] (v%)
3,10,l_CLI66,Precip. of driest quarter [max] (kg/m²)
4,1,l_CLI38,Mean temp. of warmest quarter [max] (°C)
4,2,l_CLI2,Ann. mean air temp. [max] (°C)
4,3,l_CLI57,Precip. seasonality (CV) [min] (kg/m²)
4,4,l_CLI18,Max temp. of warmest month [max] (°C)
4,5,l_CLI30,Mean temp. of wettest quarter [max] (°C)
4,6,l_TOP102,Cell upstream distance (between focal cell and next cell) [max] (–)
4,7,l_CLI66,Precip. of driest quarter [max] (kg/m²)
4,8,l_SOL25,Bulk density of the fine earth fraction (< 2 mm) [min] (kg/m³)
4,9,l_CLI70,Precip. of warmest quarter [max] (kg/m²)
4,10,l_CLI14,Temp. seasonality (SD × 100) [max] (°C/100)
5,1,l_CLI38,Mean temp. of warmest quarter [max] (°C)
5,2,l_CLI2,Ann. mean air temp. [max] (°C)
5,3,l_CLI57,Precip. seasonality (CV) [min] (kg/m²)
5,4,l_SOL26,Bulk density of the fine earth fraction (< 2 mm) [max] (kg/m³)
5,5,l_SOL25,Bulk density of the fine earth fraction (< 2 mm) [min] (kg/m³)
5,6,l_CLI18,Max temp. of warmest month [max] (°C)
5,7,l_CLI70,Precip. of warmest quarter [max] (kg/m²)
5,8,l_TOP102,Cell upstream distance (between focal cell and next cell) [max] (–)
5,9,l_CLI30,Mean temp. of wettest quarter [max] (°C)
5,10,l_CLI14,Temp. seasonality (SD × 100) [max] (°C/100)
6,1,l_CLI38,Mean temp. of warmest quarter [max] (°C)
6,2,l_CLI2,Ann. mean air temp. [max] (°C)
6,3,l_TOP102,Cell upstream distance (between focal cell and next cell) [max] (–)
6,4,l_CLI57,Precip. seasonality (CV) [min] (kg/m²)
6,5,l_CLI18,Max temp. of warmest month [max] (°C)
6,6,l_SOL25,Bulk density of the fine earth fraction (< 2 mm) [min] (kg/m³)
6,7,l_SOL26,Bulk density of the fine earth fraction (< 2 mm) [max] (kg/m³)
6,8,l_CLI70,Precip. of warmest quarter [max] (kg/m²)
6,9,l_CLI66,Precip. of driest quarter [max] (kg/m²)
6,10,l_SOL3,Derived saturated water content (vol. frac.) [mean] (v%)
7,1,l_CLI38,Mean temp. of warmest quarter [max] (°C)
7,2,l_CLI2,Ann. mean air temp. [max] (°C)
7,3,l_CLI18,Max temp. of warmest month [max] (°C)
7,4,l_CLI57,Precip. seasonality (CV) [min] (kg/m²)
7,5,l_SOL26,Bulk density of the fine earth fraction (< 2 mm) [max] (kg/m³)
7,6,l_CLI70,Precip. of warmest quarter [max] (kg/m²)
7,7,l_SOL25,Bulk density of the fine earth fraction (< 2 mm) [min] (kg/m³)
7,8,l_TOP102,Cell upstream distance (between focal cell and next cell) [max] (–)
7,9,l_CLI66,Precip. of driest quarter [max] (kg/m²)
7,10,l_CLI14,Temp. seasonality (SD × 100) [max] (°C/100)
8,1,l_CLI38,Mean temp. of warmest quarter [max] (°C)
8,2,l_CLI2,Ann. mean air temp. [max] (°C)
8,3,l_CLI57,Precip. seasonality (CV) [min] (kg/m²)
8,4,l_CLI18,Max temp. of warmest month [max] (°C)
8,5,l_CLI66,Precip. of driest quarter [max] (kg/m²)
8,6,l_SOL25,Bulk density of the fine earth fraction (< 2 mm) [min] (kg/m³)
8,7,l_CLI70,Precip. of warmest quarter [max] (kg/m²)
8,8,l_TOP102,Cell upstream distance (between focal cell and next cell) [max] (–)
8,9,l_SOL21,Coarse fragments by volume (>2 mm) [min] (v%)
8,10,l_SOL26,Bulk density of the fine earth fraction (< 2 mm) [max] (kg/m³)
9,1,l_CLI38,Mean temp. of warmest quarter [max] (°C)
9,2,l_CLI2,Ann. mean air temp. [max] (°C)
9,3,l_TOP102,Cell upstream distance (between focal cell and next cell) [max] (–)
9,4,l_CLI18,Max temp. of warmest month [max] (°C)
9,5,l_CLI30,Mean temp. of wettest quarter [max] (°C)
9,6,l_CLI70,Precip. of warmest quarter [max] (kg/m²)
9,7,l_SOL25,Bulk density of the fine earth fraction (< 2 mm) [min] (kg/m³)
9,8,l_CLI57,Precip. seasonality (CV) [min] (kg/m²)
9,9,l_CLI66,Precip. of driest quarter [max] (kg/m²)
9,10,l_CLI14,Temp. seasonality (SD × 100) [max] (°C/100)
10,1,l_CLI2,Ann. mean air temp. [max] (°C)
10,2,l_CLI38,Mean temp. of warmest quarter [max] (°C)
10,3,l_CLI18,Max temp. of warmest month [max] (°C)
10,4,l_SOL26,Bulk density of the fine earth fraction (< 2 mm) [max] (kg/m³)
10,5,l_CLI57,Precip. seasonality (CV) [min] (kg/m²)
10,6,l_TOP102,Cell upstream distance (between focal cell and next cell) [max] (–)
10,7,l_CLI70,Precip. of warmest quarter [max] (kg/m²)
10,8,l_CLI66,Precip. of driest quarter [max] (kg/m²)
10,9,l_CLI30,Mean temp. of wettest quarter [max] (°C)
10,10,l_SOL25,Bulk density of the fine earth fraction (< 2 mm) [min] (kg/m³)
11,1,l_CLI38,Mean temp. of warmest quarter [max] (°C)
11,2,l_CLI2,Ann. mean air temp. [max] (°C)
11,3,l_CLI70,Precip. of warmest quarter [max] (kg/m²)
11,4,l_CLI57,Precip. seasonality (CV) [min] (kg/m²)
11,5,l_CLI18,Max temp. of warmest month [max] (°C)
11,6,l_CLI66,Precip. of driest quarter [max] (kg/m²)
11,7,l_TOP102,Cell upstream distance (between focal cell and next cell) [max] (–)
11,8,l_SOL26,Bulk density of the fine earth fraction (< 2 mm) [max] (kg/m³)
11,9,l_CLI14,Temp. seasonality (SD × 100) [max] (°C/100)
11,10,l_SOL25,Bulk density of the fine earth fraction (< 2 mm) [min] (kg/m³)
12,1,l_CLI38,Mean temp. of warmest quarter [max] (°C)
12,2,l_CLI2,Ann. mean air temp. [max] (°C)
12,3,l_SOL26,Bulk density of the fine earth fraction (< 2 mm) [max] (kg/m³)
12,4,l_SOL25,Bulk density of the fine earth fraction (< 2 mm) [min] (kg/m³)
12,5,l_CLI57,Precip. seasonality (CV) [min] (kg/m²)
12,6,l_CLI70,Precip. of warmest quarter [max] (kg/m²)
12,7,l_CLI18,Max temp. of warmest month [max] (°C)
12,8,l_SOL21,Coarse fragments by volume (>2 mm) [min] (v%)
12,9,l_TOP102,Cell upstream distance (between focal cell and next cell) [max] (–)
12,10,l_CLI66,Precip. of driest quarter [max] (kg/m²)
13,1,l_CLI38,Mean temp. of warmest quarter [max] (°C)
13,2,l_CLI2,Ann. mean air temp. [max] (°C)
13,3,l_CLI18,Max temp. of warmest month [max] (°C)
13,4,l_SOL26,Bulk density of the fine earth fraction (< 2 mm) [max] (kg/m³)
13,5,l_SOL25,Bulk density of the fine earth fraction (< 2 mm) [min] (kg/m³)
13,6,l_CLI57,Precip. seasonality (CV) [min] (kg/m²)
13,7,l_SOL21,Coarse fragments by volume (>2 mm) [min] (v%)
13,8,l_SOL3,Derived saturated water content (vol. frac.) [mean] (v%)
13,9,l_CLI70,Precip. of warmest quarter [max] (kg/m²)
13,10,l_CLI66,Precip. of driest quarter [max] (kg/m²)
14,1,l_CLI38,Mean temp. of warmest quarter [max] (°C)
14,2,l_CLI2,Ann. mean air temp. [max] (°C)
14,3,l_CLI57,Precip. seasonality (CV) [min] (kg/m²)
14,4,l_TOP102,Cell upstream distance (between focal cell and next cell) [max] (–)
14,5,l_CLI70,Precip. of warmest quarter [max] (kg/m²)
14,6,l_CLI18,Max temp. of warmest month [max] (°C)
14,7,l_CLI66,Precip. of driest quarter [max] (kg/m²)
14,8,l_SOL26,Bulk density of the fine earth fraction (< 2 mm) [max] (kg/m³)
14,9,l_CLI30,Mean temp. of wettest quarter [max] (°C)
14,10,l_SOL25,Bulk density of the fine earth fraction (< 2 mm) [min] (kg/m³)
15,1,l_CLI38,Mean temp. of warmest quarter [max] (°C)
15,2,l_CLI2,Ann. mean air temp. [max] (°C)
15,3,l_CLI18,Max temp. of warmest month [max] (°C)
15,4,l_CLI57,Precip. seasonality (CV) [min] (kg/m²)
15,5,l_CLI70,Precip. of warmest quarter [max] (kg/m²)
15,6,l_CLI66,Precip. of driest quarter [max] (kg/m²)
15,7,l_SOL26,Bulk density of the fine earth fraction (< 2 mm) [max] (kg/m³)
15,8,l_SOL25,Bulk density of the fine earth fraction (< 2 mm) [min] (kg/m³)
15,9,l_TOP102,Cell upstream distance (between focal cell and next cell) [max] (–)
15,10,l_CLI30,Mean temp. of wettest quarter [max] (°C)
16,1,l_CLI38,Mean temp. of warmest quarter [max] (°C)
16,2,l_CLI2,Ann. mean air temp. [max] (°C)
16,3,l_CLI18,Max temp. of warmest month [max] (°C)
16,4,l_TOP102,Cell upstream distance (between focal cell and next cell) [max] (–)
16,5,l_SOL26,Bulk density of the fine earth fraction (< 2 mm) [max] (kg/m³)
16,6,l_CLI57,Precip. seasonality (CV) [min] (kg/m²)
16,7,l_CLI70,Precip. of warmest quarter [max] (kg/m²)
16,8,l_SOL25,Bulk density of the fine earth fraction (< 2 mm) [min] (kg/m³)
16,9,l_CLI30,Mean temp. of wettest quarter [max] (°C)
16,10,l_CLI66,Precip. of driest quarter [max] (kg/m²)
17,1,l_CLI38,Mean temp. of warmest quarter [max] (°C)
17,2,l_CLI57,Precip. seasonality (CV) [min] (kg/m²)
17,3,l_CLI2,Ann. mean air temp. [max] (°C)
17,4,l_CLI70,Precip. of warmest quarter [max] (kg/m²)
17,5,l_CLI66,Precip. of driest quarter [max] (kg/m²)
17,6,l_CLI18,Max temp. of warmest month [max] (°C)
17,7,l_TOP102,Cell upstream distance (between focal cell and next cell) [max] (–)
17,8,l_SOL26,Bulk density of the fine earth fraction (< 2 mm) [max] (kg/m³)
17,9,l_CLI14,Temp. seasonality (SD × 100) [max] (°C/100)
17,10,l_SOL21,Coarse fragments by volume (>2 mm) [min] (v%)
18,1,l_CLI38,Mean temp. of warmest quarter [max] (°C)
18,2,l_CLI2,Ann. mean air temp. [max] (°C)
18,3,l_CLI57,Precip. seasonality (CV) [min] (kg/m²)
18,4,l_TOP102,Cell upstream distance (between focal cell and next cell) [max] (–)
18,5,l_CLI18,Max temp. of warmest month [max] (°C)
18,6,l_SOL26,Bulk density of the fine earth fraction (< 2 mm) [max] (kg/m³)
18,7,l_CLI30,Mean temp. of wettest quarter [max] (°C)
18,8,l_SOL25,Bulk density of the fine earth fraction (< 2 mm) [min] (kg/m³)
18,9,l_CLI70,Precip. of warmest quarter [max] (kg/m²)
18,10,l_CLI66,Precip. of driest quarter [max] (kg/m²)
19,1,l_CLI38,Mean temp. of warmest quarter [max] (°C)
19,2,l_CLI2,Ann. mean air temp. [max] (°C)
19,3,l_CLI70,Precip. of warmest quarter [max] (kg/m²)
19,4,l_CLI57,Precip. seasonality (CV) [min] (kg/m²)
19,5,l_CLI18,Max temp. of warmest month [max] (°C)
19,6,l_CLI66,Precip. of driest quarter [max] (kg/m²)
19,7,l_TOP102,Cell upstream distance (between focal cell and next cell) [max] (–)
19,8,l_SOL26,Bulk density of the fine earth fraction (< 2 mm) [max] (kg/m³)
19,9,l_CLI30,Mean temp. of wettest quarter [max] (°C)
19,10,l_CLI14,Temp. seasonality (SD × 100) [max] (°C/100)
20,1,l_CLI38,Mean temp. of warmest quarter [max] (°C)
20,2,l_CLI2,Ann. mean air temp. [max] (°C)
20,3,l_CLI57,Precip. seasonality (CV) [min] (kg/m²)
20,4,l_TOP102,Cell upstream distance (between focal cell and next cell) [max] (–)
20,5,l_CLI70,Precip. of warmest quarter [max] (kg/m²)
20,6,l_CLI18,Max temp. of warmest month [max] (°C)
20,7,l_SOL26,Bulk density of the fine earth fraction (< 2 mm) [max] (kg/m³)
20,8,l_SOL21,Coarse fragments by volume (>2 mm) [min] (v%)
20,9,l_CLI14,Temp. seasonality (SD × 100) [max] (°C/100)
20,10,l_CLI30,Mean temp. of wettest quarter [max] (°C)
21,1,l_CLI38,Mean temp. of warmest quarter [max] (°C)
21,2,l_CLI2,Ann. mean air temp. [max] (°C)
21,3,l_CLI18,Max temp. of warmest month [max] (°C)
21,4,l_CLI57,Precip. seasonality (CV) [min] (kg/m²)
21,5,l_CLI70,Precip. of warmest quarter [max] (kg/m²)
21,6,l_CLI30,Mean temp. of wettest quarter [max] (°C)
21,7,l_TOP102,Cell upstream distance (between focal cell and next cell) [max] (–)
21,8,l_SOL25,Bulk density of the fine earth fraction (< 2 mm) [min] (kg/m³)
21,9,l_SOL26,Bulk density of the fine earth fraction (< 2 mm) [max] (kg/m³)
21,10,l_CLI14,Temp. seasonality (SD × 100) [max] (°C/100)
22,1,l_CLI38,Mean temp. of warmest quarter [max] (°C)
22,2,l_CLI2,Ann. mean air temp. [max] (°C)
22,3,l_CLI18,Max temp. of warmest month [max] (°C)
22,4,l_SOL26,Bulk density of the fine earth fraction (< 2 mm) [max] (kg/m³)
22,5,l_CLI57,Precip. seasonality (CV) [min] (kg/m²)
22,6,l_CLI70,Precip. of warmest quarter [max] (kg/m²)
22,7,l_SOL25,Bulk density of the fine earth fraction (< 2 mm) [min] (kg/m³)
22,8,l_TOP102,Cell upstream distance (between focal cell and next cell) [max] (–)
22,9,l_CLI14,Temp. seasonality (SD × 100) [max] (°C/100)
22,10,l_CLI66,Precip. of driest quarter [max] (kg/m²)
23,1,l_CLI38,Mean temp. of warmest quarter [max] (°C)
23,2,l_CLI57,Precip. seasonality (CV) [min] (kg/m²)
23,3,l_CLI18,Max temp. of warmest month [max] (°C)
23,4,l_CLI2,Ann. mean air temp. [max] (°C)
23,5,l_SOL26,Bulk density of the fine earth fraction (< 2 mm) [max] (kg/m³)
23,6,l_CLI70,Precip. of warmest quarter [max] (kg/m²)
23,7,l_SOL25,Bulk density of the fine earth fraction (< 2 mm) [min] (kg/m³)
23,8,l_SOL3,Derived saturated water content (vol. frac.) [mean] (v%)
23,9,l_CLI66,Precip. of driest quarter [max] (kg/m²)
23,10,l_SOL2,Derived saturated water content (vol. frac.) [max] (v%)
24,1,l_CLI38,Mean temp. of warmest quarter [max] (°C)
24,2,l_CLI2,Ann. mean air temp. [max] (°C)
24,3,l_CLI18,Max temp. of warmest month [max] (°C)
24,4,l_CLI70,Precip. of warmest quarter [max] (kg/m²)
24,5,l_SOL26,Bulk density of the fine earth fraction (< 2 mm) [max] (kg/m³)
24,6,l_SOL25,Bulk density of the fine earth fraction (< 2 mm) [min] (kg/m³)
24,7,l_CLI57,Precip. seasonality (CV) [min] (kg/m²)
24,8,l_TOP102,Cell upstream distance (between focal cell and next cell) [max] (–)
24,9,l_CLI14,Temp. seasonality (SD × 100) [max] (°C/100)
24,10,l_CLI66,Precip. of driest quarter [max] (kg/m²)
25,1,l_CLI38,Mean temp. of warmest quarter [max] (°C)
25,2,l_CLI2,Ann. mean air temp. [max] (°C)
25,3,l_CLI18,Max temp. of warmest month [max] (°C)
25,4,l_SOL25,Bulk density of the fine earth fraction (< 2 mm) [min] (kg/m³)
25,5,l_CLI57,Precip. seasonality (CV) [min] (kg/m²)
25,6,l_SOL26,Bulk density of the fine earth fraction (< 2 mm) [max] (kg/m³)
25,7,l_CLI30,Mean temp. of wettest quarter [max] (°C)
25,8,l_CLI70,Precip. of warmest quarter [max] (kg/m²)
25,9,l_CLI14,Temp. seasonality (SD × 100) [max] (°C/100)
25,10,l_TOP102,Cell upstream distance (between focal cell and next cell) [max] (–)
26,1,l_CLI38,Mean temp. of warmest quarter [max] (°C)
26,2,l_SOL26,Bulk density of the fine earth fraction (< 2 mm) [max] (kg/m³)
26,3,l_CLI2,Ann. mean air temp. [max] (°C)
26,4,l_CLI57,Precip. seasonality (CV) [min] (kg/m²)
26,5,l_CLI18,Max temp. of warmest month [max] (°C)
26,6,l_CLI66,Precip. of driest quarter [max] (kg/m²)
26,7,l_SOL25,Bulk density of the fine earth fraction (< 2 mm) [min] (kg/m³)
26,8,l_CLI70,Precip. of warmest quarter [max] (kg/m²)
26,9,l_TOP102,Cell upstream distance (between focal cell and next cell) [max] (–)
26,10,l_CLI14,Temp. seasonality (SD × 100) [max] (°C/100)
27,1,l_CLI38,Mean temp. of warmest quarter [max] (°C)
27,2,l_CLI2,Ann. mean air temp. [max] (°C)
27,3,l_CLI18,Max temp. of warmest month [max] (°C)
27,4,l_SOL25,Bulk density of the fine earth fraction (< 2 mm) [min] (kg/m³)
27,5,l_SOL26,Bulk density of the fine earth fraction (< 2 mm) [max] (kg/m³)
27,6,l_CLI57,Precip. seasonality (CV) [min] (kg/m²)
27,7,l_CLI70,Precip. of warmest quarter [max] (kg/m²)
27,8,l_CLI14,Temp. seasonality (SD × 100) [max] (°C/100)
27,9,l_CLI66,Precip. of driest quarter [max] (kg/m²)
27,10,l_SOL3,Derived saturated water content (vol. frac.) [mean] (v%)
28,1,l_CLI38,Mean temp. of warmest quarter [max] (°C)
28,2,l_CLI2,Ann. mean air temp. [max] (°C)
28,3,l_CLI18,Max temp. of warmest month [max] (°C)
28,4,l_SOL25,Bulk density of the fine earth fraction (< 2 mm) [min] (kg/m³)
28,5,l_SOL26,Bulk density of the fine earth fraction (< 2 mm) [max] (kg/m³)
28,6,l_CLI57,Precip. seasonality (CV) [min] (kg/m²)
28,7,l_TOP102,Cell upstream distance (between focal cell and next cell) [max] (–)
28,8,l_CLI70,Precip. of warmest quarter [max] (kg/m²)
28,9,l_CLI30,Mean temp. of wettest quarter [max] (°C)
28,10,l_SOL3,Derived saturated water content (vol. frac.) [mean] (v%)
29,1,l_CLI38,Mean temp. of warmest quarter [max] (°C)
29,2,l_CLI2,Ann. mean air temp. [max] (°C)
29,3,l_SOL26,Bulk density of the fine earth fraction (< 2 mm) [max] (kg/m³)
29,4,l_CLI18,Max temp. of warmest month [max] (°C)
29,5,l_CLI70,Precip. of warmest quarter [max] (kg/m²)
29,6,l_CLI57,Precip. seasonality (CV) [min] (kg/m²)
29,7,l_TOP102,Cell upstream distance (between focal cell and next cell) [max] (–)
29,8,l_CLI66,Precip. of driest quarter [max] (kg/m²)
29,9,l_SOL25,Bulk density of the fine earth fraction (< 2 mm) [min] (kg/m³)
29,10,l_CLI14,Temp. seasonality (SD × 100) [max] (°C/100)
30,1,l_CLI38,Mean temp. of warmest quarter [max] (°C)
30,2,l_CLI2,Ann. mean air temp. [max] (°C)
30,3,l_SOL26,Bulk density of the fine earth fraction (< 2 mm) [max] (kg/m³)
30,4,l_CLI18,Max temp. of warmest month [max] (°C)
30,5,l_CLI57,Precip. seasonality (CV) [min] (kg/m²)
30,6,l_CLI66,Precip. of driest quarter [max] (kg/m²)
30,7,l_SOL25,Bulk density of the fine earth fraction (< 2 mm) [min] (kg/m³)
30,8,l_TOP102,Cell upstream distance (between focal cell and next cell) [max] (–)
30,9,l_SOL3,Derived saturated water content (vol. frac.) [mean] (v%)
30,10,l_CLI70,Precip. of warmest quarter [max] (kg/m²)
31,1,l_CLI38,Mean temp. of warmest quarter [max] (°C)
31,2,l_CLI2,Ann. mean air temp. [max] (°C)
31,3,l_CLI57,Precip. seasonality (CV) [min] (kg/m²)
31,4,l_CLI70,Precip. of warmest quarter [max] (kg/m²)
31,5,l_SOL26,Bulk density of the fine earth fraction (< 2 mm) [max] (kg/m³)
31,6,l_CLI18,Max temp. of warmest month [max] (°C)
31,7,l_SOL25,Bulk density of the fine earth fraction (< 2 mm) [min] (kg/m³)
31,8,l_CLI66,Precip. of driest quarter [max] (kg/m²)
31,9,l_TOP102,Cell upstream distance (between focal cell and next cell) [max] (–)
31,10,l_CLI14,Temp. seasonality (SD × 100) [max] (°C/100)
32,1,l_CLI2,Ann. mean air temp. [max] (°C)
32,2,l_CLI38,Mean temp. of warmest quarter [max] (°C)
32,3,l_TOP102,Cell upstream distance (between focal cell and next cell) [max] (–)
32,4,l_CLI57,Precip. seasonality (CV) [min] (kg/m²)
32,5,l_SOL26,Bulk density of the fine earth fraction (< 2 mm) [max] (kg/m³)
32,6,l_CLI18,Max temp. of warmest month [max] (°C)
32,7,l_CLI70,Precip. of warmest quarter [max] (kg/m²)
32,8,l_SOL25,Bulk density of the fine earth fraction (< 2 mm) [min] (kg/m³)
32,9,l_CLI14,Temp. seasonality (SD × 100) [max] (°C/100)
32,10,l_CLI30,Mean temp. of wettest quarter [max] (°C)
33,1,l_CLI38,Mean temp. of warmest quarter [max] (°C)
33,2,l_CLI2,Ann. mean air temp. [max] (°C)
33,3,l_CLI57,Precip. seasonality (CV) [min] (kg/m²)
33,4,l_SOL26,Bulk density of the fine earth fraction (< 2 mm) [max] (kg/m³)
33,5,l_CLI70,Precip. of warmest quarter [max] (kg/m²)
33,6,l_CLI18,Max temp. of warmest month [max] (°C)
33,7,l_SOL25,Bulk density of the fine earth fraction (< 2 mm) [min] (kg/m³)
33,8,l_CLI66,Precip. of driest quarter [max] (kg/m²)
33,9,l_SOL21,Coarse fragments by volume (>2 mm) [min] (v%)
33,10,l_TOP102,Cell upstream distance (between focal cell and next cell) [max] (–)
34,1,l_CLI38,Mean temp. of warmest quarter [max] (°C)
34,2,l_CLI2,Ann. mean air temp. [max] (°C)
34,3,l_TOP102,Cell upstream distance (between focal cell and next cell) [max] (–)
34,4,l_CLI18,Max temp. of warmest month [max] (°C)
34,5,l_SOL26,Bulk density of the fine earth fraction (< 2 mm) [max] (kg/m³)
34,6,l_CLI57,Precip. seasonality (CV) [min] (kg/m²)
34,7,l_CLI14,Temp. seasonality (SD × 100) [max] (°C/100)
34,8,l_SOL25,Bulk density of the fine earth fraction (< 2 mm) [min] (kg/m³)
34,9,l_CLI70,Precip. of warmest quarter [max] (kg/m²)
34,10,l_CLI66,Precip. of driest quarter [max] (kg/m²)
35,1,l_CLI38,Mean temp. of warmest quarter [max] (°C)
35,2,l_CLI2,Ann. mean air temp. [max] (°C)
35,3,l_SOL26,Bulk density of the fine earth fraction (< 2 mm) [max] (kg/m³)
35,4,l_TOP102,Cell upstream distance (between focal cell and next cell) [max] (–)
35,5,l_CLI70,Precip. of warmest quarter [max] (kg/m²)
35,6,l_SOL25,Bulk density of the fine earth fraction (< 2 mm) [min] (kg/m³)
35,7,l_CLI57,Precip. seasonality (CV) [min] (kg/m²)
35,8,l_CLI66,Precip. of driest quarter [max] (kg/m²)
35,9,l_SOL21,Coarse fragments by volume (>2 mm) [min] (v%)
35,10,l_CLI18,Max temp. of warmest month [max] (°C)
36,1,l_CLI38,Mean temp. of warmest quarter [max] (°C)
36,2,l_CLI2,Ann. mean air temp. [max] (°C)
36,3,l_CLI57,Precip. seasonality (CV) [min] (kg/m²)
36,4,l_SOL26,Bulk density of the fine earth fraction (< 2 mm) [max] (kg/m³)
36,5,l_CLI70,Precip. of warmest quarter [max] (kg/m²)
36,6,l_TOP102,Cell upstream distance (between focal cell and next cell) [max] (–)
36,7,l_CLI18,Max temp. of warmest month [max] (°C)
36,8,l_CLI30,Mean temp. of wettest quarter [max] (°C)
36,9,l_CLI66,Precip. of driest quarter [max] (kg/m²)
36,10,l_SOL25,Bulk density of the fine earth fraction (< 2 mm) [min] (kg/m³)
37,1,l_CLI38,Mean temp. of warmest quarter [max] (°C)
37,2,l_CLI2,Ann. mean air temp. [max] (°C)
37,3,l_CLI18,Max temp. of warmest month [max] (°C)
37,4,l_CLI70,Precip. of warmest quarter [max] (kg/m²)
37,5,l_CLI57,Precip. seasonality (CV) [min] (kg/m²)
37,6,l_CLI14,Temp. seasonality (SD × 100) [max] (°C/100)
37,7,l_SOL26,Bulk density of the fine earth fraction (< 2 mm) [max] (kg/m³)
37,8,l_SOL25,Bulk density of the fine earth fraction (< 2 mm) [min] (kg/m³)
37,9,l_TOP102,Cell upstream distance (between focal cell and next cell) [max] (–)
37,10,l_CLI66,Precip. of driest quarter [max] (kg/m²)
38,1,l_CLI38,Mean temp. of warmest quarter [max] (°C)
38,2,l_CLI2,Ann. mean air temp. [max] (°C)
38,3,l_CLI18,Max temp. of warmest month [max] (°C)
38,4,l_CLI57,Precip. seasonality (CV) [min] (kg/m²)
38,5,l_CLI70,Precip. of warmest quarter [max] (kg/m²)
38,6,l_SOL26,Bulk density of the fine earth fraction (< 2 mm) [max] (kg/m³)
38,7,l_SOL25,Bulk density of the fine earth fraction (< 2 mm) [min] (kg/m³)
38,8,l_CLI66,Precip. of driest quarter [max] (kg/m²)
38,9,l_CLI30,Mean temp. of wettest quarter [max] (°C)
38,10,l_CLI14,Temp. seasonality (SD × 100) [max] (°C/100)
39,1,l_CLI38,Mean temp. of warmest quarter [max] (°C)
39,2,l_CLI2,Ann. mean air temp. [max] (°C)
39,3,l_CLI18,Max temp. of warmest month [max] (°C)
39,4,l_SOL21,Coarse fragments by volume (>2 mm) [min] (v%)
39,5,l_CLI57,Precip. seasonality (CV) [min] (kg/m²)
39,6,l_CLI30,Mean temp. of wettest quarter [max] (°C)
39,7,l_SOL26,Bulk density of the fine earth fraction (< 2 mm) [max] (kg/m³)
39,8,l_CLI66,Precip. of driest quarter [max] (kg/m²)
39,9,l_TOP102,Cell upstream distance (between focal cell and next cell) [max] (–)
39,10,l_CLI70,Precip. of warmest quarter [max] (kg/m²)
40,1,l_CLI38,Mean temp. of warmest quarter [max] (°C)
40,2,l_CLI2,Ann. mean air temp. [max] (°C)
40,3,l_SOL26,Bulk density of the fine earth fraction (< 2 mm) [max] (kg/m³)
40,4,l_CLI30,Mean temp. of wettest quarter [max] (°C)
40,5,l_TOP102,Cell upstream distance (between focal cell and next cell) [max] (–)
40,6,l_CLI18,Max temp. of warmest month [max] (°C)
40,7,l_CLI70,Precip. of warmest quarter [max] (kg/m²)
40,8,l_SOL25,Bulk density of the fine earth fraction (< 2 mm) [min] (kg/m³)
40,9,l_CLI57,Precip. seasonality (CV) [min] (kg/m²)
40,10,l_CLI14,Temp. seasonality (SD × 100) [max] (°C/100)
41,1,l_CLI38,Mean temp. of warmest quarter [max] (°C)
41,2,l_CLI2,Ann. mean air temp. [max] (°C)
41,3,l_CLI18,Max temp. of warmest month [max] (°C)
41,4,l_SOL25,Bulk density of the fine earth fraction (< 2 mm) [min] (kg/m³)
41,5,l_CLI57,Precip. seasonality (CV) [min] (kg/m²)
41,6,l_CLI30,Mean temp. of wettest quarter [max] (°C)
41,7,l_SOL26,Bulk density of the fine earth fraction (< 2 mm) [max] (kg/m³)
41,8,l_CLI70,Precip. of warmest quarter [max] (kg/m²)
41,9,l_TOP102,Cell upstream distance (between focal cell and next cell) [max] (–)
41,10,l_CLI66,Precip. of driest quarter [max] (kg/m²)
42,1,l_CLI38,Mean temp. of warmest quarter [max] (°C)
42,2,l_CLI2,Ann. mean air temp. [max] (°C)
42,3,l_TOP102,Cell upstream distance (between focal cell and next cell) [max] (–)
42,4,l_CLI18,Max temp. of warmest month [max] (°C)
42,5,l_CLI57,Precip. seasonality (CV) [min] (kg/m²)
42,6,l_CLI70,Precip. of warmest quarter [max] (kg/m²)
42,7,l_CLI30,Mean temp. of wettest quarter [max] (°C)
42,8,l_CLI14,Temp. seasonality (SD × 100) [max] (°C/100)
42,9,l_SOL26,Bulk density of the fine earth fraction (< 2 mm) [max] (kg/m³)
42,10,l_SOL25,Bulk density of the fine earth fraction (< 2 mm) [min] (kg/m³)
43,1,l_CLI38,Mean temp. of warmest quarter [max] (°C)
43,2,l_CLI2,Ann. mean air temp. [max] (°C)
43,3,l_CLI18,Max temp. of warmest month [max] (°C)
43,4,l_CLI70,Precip. of warmest quarter [max] (kg/m²)
43,5,l_CLI57,Precip. seasonality (CV) [min] (kg/m²)
43,6,l_TOP102,Cell upstream distance (between focal cell and next cell) [max] (–)
43,7,l_CLI66,Precip. of driest quarter [max] (kg/m²)
43,8,l_SOL26,Bulk density of the fine earth fraction (< 2 mm) [max] (kg/m³)
43,9,l_SOL21,Coarse fragments by volume (>2 mm) [min] (v%)
43,10,l_CLI14,Temp. seasonality (SD × 100) [max] (°C/100)
44,1,l_CLI38,Mean temp. of warmest quarter [max] (°C)
44,2,l_CLI2,Ann. mean air temp. [max] (°C)
44,3,l_CLI18,Max temp. of warmest month [max] (°C)
44,4,l_CLI70,Precip. of warmest quarter [max] (kg/m²)
44,5,l_CLI57,Precip. seasonality (CV) [min] (kg/m²)
44,6,l_SOL26,Bulk density of the fine earth fraction (< 2 mm) [max] (kg/m³)
44,7,l_CLI14,Temp. seasonality (SD × 100) [max] (°C/100)
44,8,l_CLI66,Precip. of driest quarter [max] (kg/m²)
44,9,l_TOP102,Cell upstream distance (between focal cell and next cell) [max] (–)
44,10,l_SOL25,Bulk density of the fine earth fraction (< 2 mm) [min] (kg/m³)
45,1,l_CLI38,Mean temp. of warmest quarter [max] (°C)
45,2,l_CLI2,Ann. mean air temp. [max] (°C)
45,3,l_CLI18,Max temp. of warmest month [max] (°C)
45,4,l_CLI57,Precip. seasonality (CV) [min] (kg/m²)
45,5,l_TOP102,Cell upstream distance (between focal cell and next cell) [max] (–)
45,6,l_CLI30,Mean temp. of wettest quarter [max] (°C)
45,7,l_CLI70,Precip. of warmest quarter [max] (kg/m²)
45,8,l_SOL25,Bulk density of the fine earth fraction (< 2 mm) [min] (kg/m³)
45,9,l_SOL21,Coarse fragments by volume (>2 mm) [min] (v%)
45,10,l_CLI66,Precip. of driest quarter [max] (kg/m²)
46,1,l_CLI38,Mean temp. of warmest quarter [max] (°C)
46,2,l_CLI2,Ann. mean air temp. [max] (°C)
46,3,l_TOP102,Cell upstream distance (between focal cell and next cell) [max] (–)
46,4,l_CLI57,Precip. seasonality (CV) [min] (kg/m²)
46,5,l_SOL26,Bulk density of the fine earth fraction (< 2 mm) [max] (kg/m³)
46,6,l_CLI14,Temp. seasonality (SD × 100) [max] (°C/100)
46,7,l_CLI18,Max temp. of warmest month [max] (°C)
46,8,l_CLI66,Precip. of driest quarter [max] (kg/m²)
46,9,l_SOL25,Bulk density of the fine earth fraction (< 2 mm) [min] (kg/m³)
46,10,l_CLI70,Precip. of warmest quarter [max] (kg/m²)
47,1,l_CLI38,Mean temp. of warmest quarter [max] (°C)
47,2,l_CLI2,Ann. mean air temp. [max] (°C)
47,3,l_CLI57,Precip. seasonality (CV) [min] (kg/m²)
47,4,l_SOL25,Bulk density of the fine earth fraction (< 2 mm) [min] (kg/m³)
47,5,l_SOL26,Bulk density of the fine earth fraction (< 2 mm) [max] (kg/m³)
47,6,l_CLI18,Max temp. of warmest month [max] (°C)
47,7,l_CLI66,Precip. of driest quarter [max] (kg/m²)
47,8,l_CLI70,Precip. of warmest quarter [max] (kg/m²)
47,9,l_SOL21,Coarse fragments by volume (>2 mm) [min] (v%)
47,10,l_CLI30,Mean temp. of wettest quarter [max] (°C)
48,1,l_CLI38,Mean temp. of warmest quarter [max] (°C)
48,2,l_CLI57,Precip. seasonality (CV) [min] (kg/m²)
48,3,l_CLI2,Ann. mean air temp. [max] (°C)
48,4,l_SOL26,Bulk density of the fine earth fraction (< 2 mm) [max] (kg/m³)
48,5,l_CLI66,Precip. of driest quarter [max] (kg/m²)
48,6,l_TOP102,Cell upstream distance (between focal cell and next cell) [max] (–)
48,7,l_CLI70,Precip. of warmest quarter [max] (kg/m²)
48,8,l_SOL25,Bulk density of the fine earth fraction (< 2 mm) [min] (kg/m³)
48,9,l_CLI18,Max temp. of warmest month [max] (°C)
48,10,l_CLI46,Ann. precip. [max] (kg/m²)
49,1,l_CLI38,Mean temp. of warmest quarter [max] (°C)
49,2,l_CLI2,Ann. mean air temp. [max] (°C)
49,3,l_CLI18,Max temp. of warmest month [max] (°C)
49,4,l_CLI57,Precip. seasonality (CV) [min] (kg/m²)
49,5,l_TOP102,Cell upstream distance (between focal cell and next cell) [max] (–)
49,6,l_CLI30,Mean temp. of wettest quarter [max] (°C)
49,7,l_CLI66,Precip. of driest quarter [max] (kg/m²)
49,8,l_SOL26,Bulk density of the fine earth fraction (< 2 mm) [max] (kg/m³)
49,9,l_SOL25,Bulk density of the fine earth fraction (< 2 mm) [min] (kg/m³)
49,10,l_CLI70,Precip. of warmest quarter [max] (kg/m²)
50,1,l_CLI38,Mean temp. of warmest quarter [max] (°C)
50,2,l_CLI2,Ann. mean air temp. [max] (°C)
50,3,l_SOL26,Bulk density of the fine earth fraction (< 2 mm) [max] (kg/m³)
50,4,l_CLI70,Precip. of warmest quarter [max] (kg/m²)
50,5,l_CLI18,Max temp. of warmest month [max] (°C)
50,6,l_CLI57,Precip. seasonality (CV) [min] (kg/m²)
50,7,l_CLI66,Precip. of driest quarter [max] (kg/m²)
50,8,l_SOL25,Bulk density of the fine earth fraction (< 2 mm) [min] (kg/m³)
50,9,l_SOL3,Derived saturated water content (vol. frac.) [mean] (v%)
50,10,l_TOP102,Cell upstream distance (between focal cell and next cell) [max] (–)
51,1,l_CLI38,Mean temp. of warmest quarter [max] (°C)
51,2,l_CLI2,Ann. mean air temp. [max] (°C)
51,3,l_CLI57,Precip. seasonality (CV) [min] (kg/m²)
51,4,l_CLI70,Precip. of warmest quarter [max] (kg/m²)
51,5,l_CLI66,Precip. of driest quarter [max] (kg/m²)
51,6,l_SOL26,Bulk density of the fine earth fraction (< 2 mm) [max] (kg/m³)
51,7,l_CLI18,Max temp. of warmest month [max] (°C)
51,8,l_CLI30,Mean temp. of wettest quarter [max] (°C)
51,9,l_TOP102,Cell upstream distance (between focal cell and next cell) [max] (–)
51,10,l_CLI46,Ann. precip. [max] (kg/m²)
52,1,l_CLI38,Mean temp. of warmest quarter [max] (°C)
52,2,l_CLI2,Ann. mean air temp. [max] (°C)
52,3,l_CLI18,Max temp. of warmest month [max] (°C)
52,4,l_CLI57,Precip. seasonality (CV) [min] (kg/m²)
52,5,l_CLI70,Precip. of warmest quarter [max] (kg/m²)
52,6,l_TOP102,Cell upstream distance (between focal cell and next cell) [max] (–)
52,7,l_CLI14,Temp. seasonality (SD × 100) [max] (°C/100)
52,8,l_SOL26,Bulk density of the fine earth fraction (< 2 mm) [max] (kg/m³)
52,9,l_CLI66,Precip. of driest quarter [max] (kg/m²)
52,10,l_CLI30,Mean temp. of wettest quarter [max] (°C)
53,1,l_CLI38,Mean temp. of warmest quarter [max] (°C)
53,2,l_CLI2,Ann. mean air temp. [max] (°C)
53,3,l_CLI57,Precip. seasonality (CV) [min] (kg/m²)
53,4,l_SOL25,Bulk density of the fine earth fraction (< 2 mm) [min] (kg/m³)
53,5,l_CLI18,Max temp. of warmest month [max] (°C)
53,6,l_SOL26,Bulk density of the fine earth fraction (< 2 mm) [max] (kg/m³)
53,7,l_CLI70,Precip. of warmest quarter [max] (kg/m²)
53,8,l_CLI66,Precip. of driest quarter [max] (kg/m²)
53,9,l_SOL21,Coarse fragments by volume (>2 mm) [min] (v%)
53,10,l_TOP102,Cell upstream distance (between focal cell and next cell) [max] (–)
54,1,l_CLI38,Mean temp. of warmest quarter [max] (°C)
54,2,l_CLI2,Ann. mean air temp. [max] (°C)
54,3,l_CLI57,Precip. seasonality (CV) [min] (kg/m²)
54,4,l_CLI18,Max temp. of warmest month [max] (°C)
54,5,l_CLI70,Precip. of warmest quarter [max] (kg/m²)
54,6,l_CLI66,Precip. of driest quarter [max] (kg/m²)
54,7,l_SOL25,Bulk density of the fine earth fraction (< 2 mm) [min] (kg/m³)
54,8,l_SOL26,Bulk density of the fine earth fraction (< 2 mm) [max] (kg/m³)
54,9,l_TOP102,Cell upstream distance (between focal cell and next cell) [max] (–)
54,10,l_CLI14,Temp. seasonality (SD × 100) [max] (°C/100)
55,1,l_CLI38,Mean temp. of warmest quarter [max] (°C)
55,2,l_CLI2,Ann. mean air temp. [max] (°C)
55,3,l_SOL26,Bulk density of the fine earth fraction (< 2 mm) [max] (kg/m³)
55,4,l_CLI57,Precip. seasonality (CV) [min] (kg/m²)
55,5,l_CLI18,Max temp. of warmest month [max] (°C)
55,6,l_CLI70,Precip. of warmest quarter [max] (kg/m²)
55,7,l_SOL25,Bulk density of the fine earth fraction (< 2 mm) [min] (kg/m³)
55,8,l_TOP102,Cell upstream distance (between focal cell and next cell) [max] (–)
55,9,l_CLI66,Precip. of driest quarter [max] (kg/m²)
55,10,l_CLI14,Temp. seasonality (SD × 100) [max] (°C/100)
56,1,l_CLI38,Mean temp. of warmest quarter [max] (°C)
56,2,l_CLI2,Ann. mean air temp. [max] (°C)
56,3,l_CLI18,Max temp. of warmest month [max] (°C)
56,4,l_CLI57,Precip. seasonality (CV) [min] (kg/m²)
56,5,l_TOP102,Cell upstream distance (between focal cell and next cell) [max] (–)
56,6,l_CLI30,Mean temp. of wettest quarter [max] (°C)
56,7,l_CLI70,Precip. of warmest quarter [max] (kg/m²)
56,8,l_SOL26,Bulk density of the fine earth fraction (< 2 mm) [max] (kg/m³)
56,9,l_SOL25,Bulk density of the fine earth fraction (< 2 mm) [min] (kg/m³)
56,10,l_CLI14,Temp. seasonality (SD × 100) [max] (°C/100)
57,1,l_CLI38,Mean temp. of warmest quarter [max] (°C)
57,2,l_CLI18,Max temp. of warmest month [max] (°C)
57,3,l_SOL25,Bulk density of the fine earth fraction (< 2 mm) [min] (kg/m³)
57,4,l_CLI2,Ann. mean air temp. [max] (°C)
57,5,l_SOL26,Bulk density of the fine earth fraction (< 2 mm) [max] (kg/m³)
57,6,l_CLI57,Precip. seasonality (CV) [min] (kg/m²)
57,7,l_CLI70,Precip. of warmest quarter [max] (kg/m²)
57,8,l_CLI14,Temp. seasonality (SD × 100) [max] (°C/100)
57,9,l_TOP102,Cell upstream distance (between focal cell and next cell) [max] (–)
57,10,l_CLI30,Mean temp. of wettest quarter [max] (°C)
58,1,l_CLI38,Mean temp. of warmest quarter [max] (°C)
58,2,l_CLI2,Ann. mean air temp. [max] (°C)
58,3,l_CLI18,Max temp. of warmest month [max] (°C)
58,4,l_CLI57,Precip. seasonality (CV) [min] (kg/m²)
58,5,l_CLI66,Precip. of driest quarter [max] (kg/m²)
58,6,l_TOP102,Cell upstream distance (between focal cell and next cell) [max] (–)
58,7,l_SOL26,Bulk density of the fine earth fraction (< 2 mm) [max] (kg/m³)
58,8,l_CLI70,Precip. of warmest quarter [max] (kg/m²)
58,9,l_CLI14,Temp. seasonality (SD × 100) [max] (°C/100)
58,10,l_CLI30,Mean temp. of wettest quarter [max] (°C)
59,1,l_CLI38,Mean temp. of warmest quarter [max] (°C)
59,2,l_CLI2,Ann. mean air temp. [max] (°C)
59,3,l_CLI18,Max temp. of warmest month [max] (°C)
59,4,l_CLI57,Precip. seasonality (CV) [min] (kg/m²)
59,5,l_CLI70,Precip. of warmest quarter [max] (kg/m²)
59,6,l_TOP102,Cell upstream distance (between focal cell and next cell) [max] (–)
59,7,l_SOL26,Bulk density of the fine earth fraction (< 2 mm) [max] (kg/m³)
59,8,l_CLI66,Precip. of driest quarter [max] (kg/m²)
59,9,l_CLI14,Temp. seasonality (SD × 100) [max] (°C/100)
59,10,l_SOL25,Bulk density of the fine earth fraction (< 2 mm) [min] (kg/m³)
60,1,l_CLI38,Mean temp. of warmest quarter [max] (°C)
60,2,l_CLI2,Ann. mean air temp. [max] (°C)
60,3,l_CLI57,Precip. seasonality (CV) [min] (kg/m²)
60,4,l_CLI70,Precip. of warmest quarter [max] (kg/m²)
60,5,l_TOP102,Cell upstream distance (between focal cell and next cell) [max] (–)
60,6,l_CLI18,Max temp. of warmest month [max] (°C)
60,7,l_SOL26,Bulk density of the fine earth fraction (< 2 mm) [max] (kg/m³)
60,8,l_SOL25,Bulk density of the fine earth fraction (< 2 mm) [min] (kg/m³)
60,9,l_CLI30,Mean temp. of wettest quarter [max] (°C)
60,10,l_CLI66,Precip. of driest quarter [max] (kg/m²)
61,1,l_CLI38,Mean temp. of warmest quarter [max] (°C)
61,2,l_CLI2,Ann. mean air temp. [max] (°C)
61,3,l_CLI30,Mean temp. of wettest quarter [max] (°C)
61,4,l_CLI18,Max temp. of warmest month [max] (°C)
61,5,l_CLI57,Precip. seasonality (CV) [min] (kg/m²)
61,6,l_CLI70,Precip. of warmest quarter [max] (kg/m²)
61,7,l_TOP102,Cell upstream distance (between focal cell and next cell) [max] (–)
61,8,l_CLI66,Precip. of driest quarter [max] (kg/m²)
61,9,l_CLI14,Temp. seasonality (SD × 100) [max] (°C/100)
61,10,l_SOL26,Bulk density of the fine earth fraction (< 2 mm) [max] (kg/m³)
62,1,l_CLI38,Mean temp. of warmest quarter [max] (°C)
62,2,l_CLI2,Ann. mean air temp. [max] (°C)
62,3,l_SOL26,Bulk density of the fine earth fraction (< 2 mm) [max] (kg/m³)
62,4,l_CLI18,Max temp. of warmest month [max] (°C)
62,5,l_CLI57,Precip. seasonality (CV) [min] (kg/m²)
62,6,l_SOL25,Bulk density of the fine earth fraction (< 2 mm) [min] (kg/m³)
62,7,l_CLI70,Precip. of warmest quarter [max] (kg/m²)
62,8,l_TOP102,Cell upstream distance (between focal cell and next cell) [max] (–)
62,9,l_CLI14,Temp. seasonality (SD × 100) [max] (°C/100)
62,10,l_CLI66,Precip. of driest quarter [max] (kg/m²)
63,1,l_CLI38,Mean temp. of warmest quarter [max] (°C)
63,2,l_CLI2,Ann. mean air temp. [max] (°C)
63,3,l_SOL26,Bulk density of the fine earth fraction (< 2 mm) [max] (kg/m³)
63,4,l_CLI18,Max temp. of warmest month [max] (°C)
63,5,l_CLI57,Precip. seasonality (CV) [min] (kg/m²)
63,6,l_TOP102,Cell upstream distance (between focal cell and next cell) [max] (–)
63,7,l_SOL25,Bulk density of the fine earth fraction (< 2 mm) [min] (kg/m³)
63,8,l_SOL21,Coarse fragments by volume (>2 mm) [min] (v%)
63,9,l_CLI66,Precip. of driest quarter [max] (kg/m²)
63,10,l_CLI14,Temp. seasonality (SD × 100) [max] (°C/100)
64,1,l_CLI38,Mean temp. of warmest quarter [max] (°C)
64,2,l_CLI2,Ann. mean air temp. [max] (°C)
64,3,l_CLI18,Max temp. of warmest month [max] (°C)
64,4,l_TOP102,Cell upstream distance (between focal cell and next cell) [max] (–)
64,5,l_CLI57,Precip. seasonality (CV) [min] (kg/m²)
64,6,l_CLI30,Mean temp. of wettest quarter [max] (°C)
64,7,l_SOL25,Bulk density of the fine earth fraction (< 2 mm) [min] (kg/m³)
64,8,l_CLI70,Precip. of warmest quarter [max] (kg/m²)
64,9,l_CLI14,Temp. seasonality (SD × 100) [max] (°C/100)
64,10,l_SOL26,Bulk density of the fine earth fraction (< 2 mm) [max] (kg/m³)
65,1,l_CLI38,Mean temp. of warmest quarter [max] (°C)
65,2,l_CLI2,Ann. mean air temp. [max] (°C)
65,3,l_SOL26,Bulk density of the fine earth fraction (< 2 mm) [max] (kg/m³)
65,4,l_SOL25,Bulk density of the fine earth fraction (< 2 mm) [min] (kg/m³)
65,5,l_CLI70,Precip. of warmest quarter [max] (kg/m²)
65,6,l_CLI57,Precip. seasonality (CV) [min] (kg/m²)
65,7,l_CLI18,Max temp. of warmest month [max] (°C)
65,8,l_SOL21,Coarse fragments by volume (>2 mm) [min] (v%)
65,9,l_CLI14,Temp. seasonality (SD × 100) [max] (°C/100)
65,10,l_CLI66,Precip. of driest quarter [max] (kg/m²)
66,1,l_CLI38,Mean temp. of warmest quarter [max] (°C)
66,2,l_CLI2,Ann. mean air temp. [max] (°C)
66,3,l_CLI18,Max temp. of warmest month [max] (°C)
66,4,l_SOL26,Bulk density of the fine earth fraction (< 2 mm) [max] (kg/m³)
66,5,l_CLI70,Precip. of warmest quarter [max] (kg/m²)
66,6,l_TOP102,Cell upstream distance (between focal cell and next cell) [max] (–)
66,7,l_SOL25,Bulk density of the fine earth fraction (< 2 mm) [min] (kg/m³)
66,8,l_CLI30,Mean temp. of wettest quarter [max] (°C)
66,9,l_CLI57,Precip. seasonality (CV) [min] (kg/m²)
66,10,l_CLI66,Precip. of driest quarter [max] (kg/m²)
67,1,l_CLI38,Mean temp. of warmest quarter [max] (°C)
67,2,l_CLI2,Ann. mean air temp. [max] (°C)
67,3,l_CLI18,Max temp. of warmest month [max] (°C)
67,4,l_SOL26,Bulk density of the fine earth fraction (< 2 mm) [max] (kg/m³)
67,5,l_TOP102,Cell upstream distance (between focal cell and next cell) [max] (–)
67,6,l_CLI57,Precip. seasonality (CV) [min] (kg/m²)
67,7,l_CLI14,Temp. seasonality (SD × 100) [max] (°C/100)
67,8,l_CLI70,Precip. of warmest quarter [max] (kg/m²)
67,9,l_CLI30,Mean temp. of wettest quarter [max] (°C)
67,10,l_CLI66,Precip. of driest quarter [max] (kg/m²)
68,1,l_CLI38,Mean temp. of warmest quarter [max] (°C)
68,2,l_CLI2,Ann. mean air temp. [max] (°C)
68,3,l_TOP102,Cell upstream distance (between focal cell and next cell) [max] (–)
68,4,l_CLI18,Max temp. of warmest month [max] (°C)
68,5,l_CLI30,Mean temp. of wettest quarter [max] (°C)
68,6,l_CLI57,Precip. seasonality (CV) [min] (kg/m²)
68,7,l_SOL25,Bulk density of the fine earth fraction (< 2 mm) [min] (kg/m³)
68,8,l_CLI14,Temp. seasonality (SD × 100) [max] (°C/100)
68,9,l_CLI70,Precip. of warmest quarter [max] (kg/m²)
68,10,l_SOL26,Bulk density of the fine earth fraction (< 2 mm) [max] (kg/m³)
69,1,l_CLI38,Mean temp. of warmest quarter [max] (°C)
69,2,l_CLI2,Ann. mean air temp. [max] (°C)
69,3,l_CLI57,Precip. seasonality (CV) [min] (kg/m²)
69,4,l_CLI18,Max temp. of warmest month [max] (°C)
69,5,l_CLI70,Precip. of warmest quarter [max] (kg/m²)
69,6,l_CLI66,Precip. of driest quarter [max] (kg/m²)
69,7,l_SOL26,Bulk density of the fine earth fraction (< 2 mm) [max] (kg/m³)
69,8,l_TOP102,Cell upstream distance (between focal cell and next cell) [max] (–)
69,9,l_SOL21,Coarse fragments by volume (>2 mm) [min] (v%)
69,10,l_SOL25,Bulk density of the fine earth fraction (< 2 mm) [min] (kg/m³)
70,1,l_CLI38,Mean temp. of warmest quarter [max] (°C)
70,2,l_CLI2,Ann. mean air temp. [max] (°C)
70,3,l_CLI57,Precip. seasonality (CV) [min] (kg/m²)
70,4,l_CLI70,Precip. of warmest quarter [max] (kg/m²)
70,5,l_SOL25,Bulk density of the fine earth fraction (< 2 mm) [min] (kg/m³)
70,6,l_CLI18,Max temp. of warmest month [max] (°C)
70,7,l_TOP102,Cell upstream distance (between focal cell and next cell) [max] (–)
70,8,l_CLI66,Precip. of driest quarter [max] (kg/m²)
70,9,l_CLI30,Mean temp. of wettest quarter [max] (°C)
70,10,l_SOL26,Bulk density of the fine earth fraction (< 2 mm) [max] (kg/m³)
71,1,l_CLI38,Mean temp. of warmest quarter [max] (°C)
71,2,l_CLI2,Ann. mean air temp. [max] (°C)
71,3,l_CLI57,Precip. seasonality (CV) [min] (kg/m²)
71,4,l_CLI30,Mean temp. of wettest quarter [max] (°C)
71,5,l_SOL26,Bulk density of the fine earth fraction (< 2 mm) [max] (kg/m³)
71,6,l_CLI18,Max temp. of warmest month [max] (°C)
71,7,l_SOL21,Coarse fragments by volume (>2 mm) [min] (v%)
71,8,l_CLI70,Precip. of warmest quarter [max] (kg/m²)
71,9,l_CLI66,Precip. of driest quarter [max] (kg/m²)
71,10,l_TOP102,Cell upstream distance (between focal cell and next cell) [max] (–)
72,1,l_CLI38,Mean temp. of warmest quarter [max] (°C)
72,2,l_CLI2,Ann. mean air temp. [max] (°C)
72,3,l_CLI18,Max temp. of warmest month [max] (°C)
72,4,l_CLI57,Precip. seasonality (CV) [min] (kg/m²)
72,5,l_SOL25,Bulk density of the fine earth fraction (< 2 mm) [min] (kg/m³)
72,6,l_CLI70,Precip. of warmest quarter [max] (kg/m²)
72,7,l_SOL26,Bulk density of the fine earth fraction (< 2 mm) [max] (kg/m³)
72,8,l_CLI14,Temp. seasonality (SD × 100) [max] (°C/100)
72,9,l_CLI30,Mean temp. of wettest quarter [max] (°C)
72,10,l_CLI66,Precip. of driest quarter [max] (kg/m²)
73,1,l_CLI38,Mean temp. of warmest quarter [max] (°C)
73,2,l_CLI18,Max temp. of warmest month [max] (°C)
73,3,l_CLI2,Ann. mean air temp. [max] (°C)
73,4,l_SOL25,Bulk density of the fine earth fraction (< 2 mm) [min] (kg/m³)
73,5,l_CLI70,Precip. of warmest quarter [max] (kg/m²)
73,6,l_CLI57,Precip. seasonality (CV) [min] (kg/m²)
73,7,l_SOL26,Bulk density of the fine earth fraction (< 2 mm) [max] (kg/m³)
73,8,l_CLI30,Mean temp. of wettest quarter [max] (°C)
73,9,l_TOP102,Cell upstream distance (between focal cell and next cell) [max] (–)
73,10,l_CLI66,Precip. of driest quarter [max] (kg/m²)
74,1,l_CLI2,Ann. mean air temp. [max] (°C)
74,2,l_CLI38,Mean temp. of warmest quarter [max] (°C)
74,3,l_SOL26,Bulk density of the fine earth fraction (< 2 mm) [max] (kg/m³)
74,4,l_CLI18,Max temp. of warmest month [max] (°C)
74,5,l_SOL25,Bulk density of the fine earth fraction (< 2 mm) [min] (kg/m³)
74,6,l_TOP102,Cell upstream distance (between focal cell and next cell) [max] (–)
74,7,l_CLI70,Precip. of warmest quarter [max] (kg/m²)
74,8,l_CLI57,Precip. seasonality (CV) [min] (kg/m²)
74,9,l_SOL3,Derived saturated water content (vol. frac.) [mean] (v%)
74,10,l_CLI14,Temp. seasonality (SD × 100) [max] (°C/100)
75,1,l_CLI38,Mean temp. of warmest quarter [max] (°C)
75,2,l_CLI2,Ann. mean air temp. [max] (°C)
75,3,l_CLI18,Max temp. of warmest month [max] (°C)
75,4,l_CLI70,Precip. of warmest quarter [max] (kg/m²)
75,5,l_SOL26,Bulk density of the fine earth fraction (< 2 mm) [max] (kg/m³)
75,6,l_CLI57,Precip. seasonality (CV) [min] (kg/m²)
75,7,l_TOP102,Cell upstream distance (between focal cell and next cell) [max] (–)
75,8,l_CLI66,Precip. of driest quarter [max] (kg/m²)
75,9,l_CLI14,Temp. seasonality (SD × 100) [max] (°C/100)
75,10,l_SOL25,Bulk density of the fine earth fraction (< 2 mm) [min] (kg/m³)
76,1,l_CLI38,Mean temp. of warmest quarter [max] (°C)
76,2,l_CLI2,Ann. mean air temp. [max] (°C)
76,3,l_CLI70,Precip. of warmest quarter [max] (kg/m²)
76,4,l_CLI57,Precip. seasonality (CV) [min] (kg/m²)
76,5,l_CLI18,Max temp. of warmest month [max] (°C)
76,6,l_CLI66,Precip. of driest quarter [max] (kg/m²)
76,7,l_SOL26,Bulk density of the fine earth fraction (< 2 mm) [max] (kg/m³)
76,8,l_SOL21,Coarse fragments by volume (>2 mm) [min] (v%)
76,9,l_SOL25,Bulk density of the fine earth fraction (< 2 mm) [min] (kg/m³)
76,10,l_CLI14,Temp. seasonality (SD × 100) [max] (°C/100)
77,1,l_CLI38,Mean temp. of warmest quarter [max] (°C)
77,2,l_CLI2,Ann. mean air temp. [max] (°C)
77,3,l_CLI18,Max temp. of warmest month [max] (°C)
77,4,l_CLI57,Precip. seasonality (CV) [min] (kg/m²)
77,5,l_SOL21,Coarse fragments by volume (>2 mm) [min] (v%)
77,6,l_CLI70,Precip. of warmest quarter [max] (kg/m²)
77,7,l_TOP102,Cell upstream distance (between focal cell and next cell) [max] (–)
77,8,l_CLI66,Precip. of driest quarter [max] (kg/m²)
77,9,l_SOL25,Bulk density of the fine earth fraction (< 2 mm) [min] (kg/m³)
77,10,l_SOL26,Bulk density of the fine earth fraction (< 2 mm) [max] (kg/m³)
78,1,l_CLI38,Mean temp. of warmest quarter [max] (°C)
78,2,l_CLI2,Ann. mean air temp. [max] (°C)
78,3,l_CLI70,Precip. of warmest quarter [max] (kg/m²)
78,4,l_CLI57,Precip. seasonality (CV) [min] (kg/m²)
78,5,l_CLI18,Max temp. of warmest month [max] (°C)
78,6,l_CLI66,Precip. of driest quarter [max] (kg/m²)
78,7,l_TOP102,Cell upstream distance (between focal cell and next cell) [max] (–)
78,8,l_CLI30,Mean temp. of wettest quarter [max] (°C)
78,9,l_SOL26,Bulk density of the fine earth fraction (< 2 mm) [max] (kg/m³)
78,10,l_CLI14,Temp. seasonality (SD × 100) [max] (°C/100)
79,1,l_CLI38,Mean temp. of warmest quarter [max] (°C)
79,2,l_CLI2,Ann. mean air temp. [max] (°C)
79,3,l_CLI18,Max temp. of warmest month [max] (°C)
79,4,l_SOL25,Bulk density of the fine earth fraction (< 2 mm) [min] (kg/m³)
79,5,l_CLI57,Precip. seasonality (CV) [min] (kg/m²)
79,6,l_SOL26,Bulk density of the fine earth fraction (< 2 mm) [max] (kg/m³)
79,7,l_TOP102,Cell upstream distance (between focal cell and next cell) [max] (–)
79,8,l_CLI70,Precip. of warmest quarter [max] (kg/m²)
79,9,l_CLI14,Temp. seasonality (SD × 100) [max] (°C/100)
79,10,l_SOL21,Coarse fragments by volume (>2 mm) [min] (v%)
80,1,l_CLI38,Mean temp. of warmest quarter [max] (°C)
80,2,l_CLI2,Ann. mean air temp. [max] (°C)
80,3,l_TOP102,Cell upstream distance (between focal cell and next cell) [max] (–)
80,4,l_CLI18,Max temp. of warmest month [max] (°C)
80,5,l_SOL21,Coarse fragments by volume (>2 mm) [min] (v%)
80,6,l_CLI70,Precip. of warmest quarter [max] (kg/m²)
80,7,l_SOL26,Bulk density of the fine earth fraction (< 2 mm) [max] (kg/m³)
80,8,l_CLI30,Mean temp. of wettest quarter [max] (°C)
80,9,l_SOL25,Bulk density of the fine earth fraction (< 2 mm) [min] (kg/m³)
80,10,l_CLI57,Precip. seasonality (CV) [min] (kg/m²)
81,1,l_CLI38,Mean temp. of warmest quarter [max] (°C)
81,2,l_CLI2,Ann. mean air temp. [max] (°C)
81,3,l_CLI18,Max temp. of warmest month [max] (°C)
81,4,l_SOL25,Bulk density of the fine earth fraction (< 2 mm) [min] (kg/m³)
81,5,l_CLI30,Mean temp. of wettest quarter [max] (°C)
81,6,l_CLI57,Precip. seasonality (CV) [min] (kg/m²)
81,7,l_SOL26,Bulk density of the fine earth fraction (< 2 mm) [max] (kg/m³)
81,8,l_CLI14,Temp. seasonality (SD × 100) [max] (°C/100)
81,9,l_CLI70,Precip. of warmest quarter [max] (kg/m²)
81,10,l_TOP102,Cell upstream distance (between focal cell and next cell) [max] (–)
82,1,l_CLI38,Mean temp. of warmest quarter [max] (°C)
82,2,l_CLI18,Max temp. of warmest month [max] (°C)
82,3,l_CLI2,Ann. mean air temp. [max] (°C)
82,4,l_SOL26,Bulk density of the fine earth fraction (< 2 mm) [max] (kg/m³)
82,5,l_TOP102,Cell upstream distance (between focal cell and next cell) [max] (–)
82,6,l_SOL25,Bulk density of the fine earth fraction (< 2 mm) [min] (kg/m³)
82,7,l_CLI57,Precip. seasonality (CV) [min] (kg/m²)
82,8,l_CLI66,Precip. of driest quarter [max] (kg/m²)
82,9,l_CLI70,Precip. of warmest quarter [max] (kg/m²)
82,10,l_CLI14,Temp. seasonality (SD × 100) [max] (°C/100)
83,1,l_CLI38,Mean temp. of warmest quarter [max] (°C)
83,2,l_CLI2,Ann. mean air temp. [max] (°C)
83,3,l_CLI18,Max temp. of warmest month [max] (°C)
83,4,l_TOP102,Cell upstream distance (between focal cell and next cell) [max] (–)
83,5,l_CLI57,Precip. seasonality (CV) [min] (kg/m²)
83,6,l_CLI30,Mean temp. of wettest quarter [max] (°C)
83,7,l_SOL26,Bulk density of the fine earth fraction (< 2 mm) [max] (kg/m³)
83,8,l_CLI70,Precip. of warmest quarter [max] (kg/m²)
83,9,l_SOL25,Bulk density of the fine earth fraction (< 2 mm) [min] (kg/m³)
83,10,l_SOL21,Coarse fragments by volume (>2 mm) [min] (v%)
84,1,l_CLI38,Mean temp. of warmest quarter [max] (°C)
84,2,l_CLI2,Ann. mean air temp. [max] (°C)
84,3,l_CLI70,Precip. of warmest quarter [max] (kg/m²)
84,4,l_CLI66,Precip. of driest quarter [max] (kg/m²)
84,5,l_TOP102,Cell upstream distance (between focal cell and next cell) [max] (–)
84,6,l_SOL26,Bulk density of the fine earth fraction (< 2 mm) [max] (kg/m³)
84,7,l_SOL21,Coarse fragments by volume (>2 mm) [min] (v%)
84,8,l_CLI57,Precip. seasonality (CV) [min] (kg/m²)
84,9,l_CLI14,Temp. seasonality (SD × 100) [max] (°C/100)
84,10,l_CLI18,Max temp. of warmest month [max] (°C)
85,1,l_CLI38,Mean temp. of warmest quarter [max] (°C)
85,2,l_CLI2,Ann. mean air temp. [max] (°C)
85,3,l_CLI18,Max temp. of warmest month [max] (°C)
85,4,l_CLI57,Precip. seasonality (CV) [min] (kg/m²)
85,5,l_CLI70,Precip. of warmest quarter [max] (kg/m²)
85,6,l_CLI66,Precip. of driest quarter [max] (kg/m²)
85,7,l_SOL21,Coarse fragments by volume (>2 mm) [min] (v%)
85,8,l_SOL26,Bulk density of the fine earth fraction (< 2 mm) [max] (kg/m³)
85,9,l_SOL25,Bulk density of the fine earth fraction (< 2 mm) [min] (kg/m³)
85,10,l_TOP102,Cell upstream distance (between focal cell and next cell) [max] (–)
86,1,l_CLI38,Mean temp. of warmest quarter [max] (°C)
86,2,l_CLI70,Precip. of warmest quarter [max] (kg/m²)
86,3,l_CLI2,Ann. mean air temp. [max] (°C)
86,4,l_CLI57,Precip. seasonality (CV) [min] (kg/m²)
86,5,l_SOL26,Bulk density of the fine earth fraction (< 2 mm) [max] (kg/m³)
86,6,l_CLI30,Mean temp. of wettest quarter [max] (°C)
86,7,l_SOL21,Coarse fragments by volume (>2 mm) [min] (v%)
86,8,l_CLI18,Max temp. of warmest month [max] (°C)
86,9,l_CLI66,Precip. of driest quarter [max] (kg/m²)
86,10,l_SOL25,Bulk density of the fine earth fraction (< 2 mm) [min] (kg/m³)
87,1,l_CLI38,Mean temp. of warmest quarter [max] (°C)
87,2,l_CLI2,Ann. mean air temp. [max] (°C)
87,3,l_CLI18,Max temp. of warmest month [max] (°C)
87,4,l_SOL21,Coarse fragments by volume (>2 mm) [min] (v%)
87,5,l_CLI57,Precip. seasonality (CV) [min] (kg/m²)
87,6,l_CLI70,Precip. of warmest quarter [max] (kg/m²)
87,7,l_SOL25,Bulk density of the fine earth fraction (< 2 mm) [min] (kg/m³)
87,8,l_CLI66,Precip. of driest quarter [max] (kg/m²)
87,9,l_CLI14,Temp. seasonality (SD × 100) [max] (°C/100)
87,10,l_CLI30,Mean temp. of wettest quarter [max] (°C)
88,1,l_CLI38,Mean temp. of warmest quarter [max] (°C)
88,2,l_CLI2,Ann. mean air temp. [max] (°C)
88,3,l_TOP102,Cell upstream distance (between focal cell and next cell) [max] (–)
88,4,l_CLI57,Precip. seasonality (CV) [min] (kg/m²)
88,5,l_CLI18,Max temp. of warmest month [max] (°C)
88,6,l_SOL25,Bulk density of the fine earth fraction (< 2 mm) [min] (kg/m³)
88,7,l_CLI70,Precip. of warmest quarter [max] (kg/m²)
88,8,l_SOL26,Bulk density of the fine earth fraction (< 2 mm) [max] (kg/m³)
88,9,l_CLI66,Precip. of driest quarter [max] (kg/m²)
88,10,l_CLI14,Temp. seasonality (SD × 100) [max] (°C/100)
89,1,l_CLI38,Mean temp. of warmest quarter [max] (°C)
89,2,l_CLI18,Max temp. of warmest month [max] (°C)
89,3,l_CLI2,Ann. mean air temp. [max] (°C)
89,4,l_CLI57,Precip. seasonality (CV) [min] (kg/m²)
89,5,l_CLI70,Precip. of warmest quarter [max] (kg/m²)
89,6,l_CLI66,Precip. of driest quarter [max] (kg/m²)
89,7,l_TOP102,Cell upstream distance (between focal cell and next cell) [max] (–)
89,8,l_SOL25,Bulk density of the fine earth fraction (< 2 mm) [min] (kg/m³)
89,9,l_CLI14,Temp. seasonality (SD × 100) [max] (°C/100)
89,10,l_CLI30,Mean temp. of wettest quarter [max] (°C)
90,1,l_CLI38,Mean temp. of warmest quarter [max] (°C)
90,2,l_CLI2,Ann. mean air temp. [max] (°C)
90,3,l_SOL26,Bulk density of the fine earth fraction (< 2 mm) [max] (kg/m³)
90,4,l_CLI57,Precip. seasonality (CV) [min] (kg/m²)
90,5,l_CLI18,Max temp. of warmest month [max] (°C)
90,6,l_SOL25,Bulk density of the fine earth fraction (< 2 mm) [min] (kg/m³)
90,7,l_CLI70,Precip. of warmest quarter [max] (kg/m²)
90,8,l_CLI66,Precip. of driest quarter [max] (kg/m²)
90,9,l_TOP102,Cell upstream distance (between focal cell and next cell) [max] (–)
90,10,l_CLI30,Mean temp. of wettest quarter [max] (°C)
91,1,l_CLI38,Mean temp. of warmest quarter [max] (°C)
91,2,l_CLI18,Max temp. of warmest month [max] (°C)
91,3,l_CLI2,Ann. mean air temp. [max] (°C)
91,4,l_SOL21,Coarse fragments by volume (>2 mm) [min] (v%)
91,5,l_CLI70,Precip. of warmest quarter [max] (kg/m²)
91,6,l_CLI57,Precip. seasonality (CV) [min] (kg/m²)
91,7,l_CLI66,Precip. of driest quarter [max] (kg/m²)
91,8,l_TOP102,Cell upstream distance (between focal cell and next cell) [max] (–)
91,9,l_SOL26,Bulk density of the fine earth fraction (< 2 mm) [max] (kg/m³)
91,10,l_SOL25,Bulk density of the fine earth fraction (< 2 mm) [min] (kg/m³)
92,1,l_CLI38,Mean temp. of warmest quarter [max] (°C)
92,2,l_CLI2,Ann. mean air temp. [max] (°C)
92,3,l_TOP102,Cell upstream distance (between focal cell and next cell) [max] (–)
92,4,l_CLI57,Precip. seasonality (CV) [min] (kg/m²)
92,5,l_SOL25,Bulk density of the fine earth fraction (< 2 mm) [min] (kg/m³)
92,6,l_SOL26,Bulk density of the fine earth fraction (< 2 mm) [max] (kg/m³)
92,7,l_CLI18,Max temp. of warmest month [max] (°C)
92,8,l_CLI70,Precip. of warmest quarter [max] (kg/m²)
92,9,l_CLI30,Mean temp. of wettest quarter [max] (°C)
92,10,l_CLI14,Temp. seasonality (SD × 100) [max] (°C/100)
93,1,l_CLI38,Mean temp. of warmest quarter [max] (°C)
93,2,l_CLI2,Ann. mean air temp. [max] (°C)
93,3,l_SOL25,Bulk density of the fine earth fraction (< 2 mm) [min] (kg/m³)
93,4,l_CLI18,Max temp. of warmest month [max] (°C)
93,5,l_CLI57,Precip. seasonality (CV) [min] (kg/m²)
93,6,l_SOL26,Bulk density of the fine earth fraction (< 2 mm) [max] (kg/m³)
93,7,l_CLI66,Precip. of driest quarter [max] (kg/m²)
93,8,l_TOP102,Cell upstream distance (between focal cell and next cell) [max] (–)
93,9,l_CLI70,Precip. of warmest quarter [max] (kg/m²)
93,10,l_SOL21,Coarse fragments by volume (>2 mm) [min] (v%)
94,1,l_CLI38,Mean temp. of warmest quarter [max] (°C)
94,2,l_CLI2,Ann. mean air temp. [max] (°C)
94,3,l_CLI18,Max temp. of warmest month [max] (°C)
94,4,l_CLI57,Precip. seasonality (CV) [min] (kg/m²)
94,5,l_SOL26,Bulk density of the fine earth fraction (< 2 mm) [max] (kg/m³)
94,6,l_SOL25,Bulk density of the fine earth fraction (< 2 mm) [min] (kg/m³)
94,7,l_TOP102,Cell upstream distance (between focal cell and next cell) [max] (–)
94,8,l_CLI70,Precip. of warmest quarter [max] (kg/m²)
94,9,l_CLI66,Precip. of driest quarter [max] (kg/m²)
94,10,l_SOL21,Coarse fragments by volume (>2 mm) [min] (v%)
95,1,l_CLI38,Mean temp. of warmest quarter [max] (°C)
95,2,l_CLI2,Ann. mean air temp. [max] (°C)
95,3,l_CLI18,Max temp. of warmest month [max] (°C)
95,4,l_CLI57,Precip. seasonality (CV) [min] (kg/m²)
95,5,l_CLI30,Mean temp. of wettest quarter [max] (°C)
95,6,l_CLI70,Precip. of warmest quarter [max] (kg/m²)
95,7,l_CLI66,Precip. of driest quarter [max] (kg/m²)
95,8,l_SOL26,Bulk density of the fine earth fraction (< 2 mm) [max] (kg/m³)
95,9,l_SOL25,Bulk density of the fine earth fraction (< 2 mm) [min] (kg/m³)
95,10,l_TOP102,Cell upstream distance (between focal cell and next cell) [max] (–)
96,1,l_CLI38,Mean temp. of warmest quarter [max] (°C)
96,2,l_CLI2,Ann. mean air temp. [max] (°C)
96,3,l_CLI18,Max temp. of warmest month [max] (°C)
96,4,l_CLI57,Precip. seasonality (CV) [min] (kg/m²)
96,5,l_SOL26,Bulk density of the fine earth fraction (< 2 mm) [max] (kg/m³)
96,6,l_TOP102,Cell upstream distance (between focal cell and next cell) [max] (–)
96,7,l_CLI70,Precip. of warmest quarter [max] (kg/m²)
96,8,l_CLI14,Temp. seasonality (SD × 100) [max] (°C/100)
96,9,l_CLI66,Precip. of driest quarter [max] (kg/m²)
96,10,l_SOL25,Bulk density of the fine earth fraction (< 2 mm) [min] (kg/m³)
97,1,l_CLI38,Mean temp. of warmest quarter [max] (°C)
97,2,l_CLI2,Ann. mean air temp. [max] (°C)
97,3,l_CLI57,Precip. seasonality (CV) [min] (kg/m²)
97,4,l_SOL26,Bulk density of the fine earth fraction (< 2 mm) [max] (kg/m³)
97,5,l_TOP102,Cell upstream distance (between focal cell and next cell) [max] (–)
97,6,l_CLI66,Precip. of driest quarter [max] (kg/m²)
97,7,l_SOL25,Bulk density of the fine earth fraction (< 2 mm) [min] (kg/m³)
97,8,l_CLI18,Max temp. of warmest month [max] (°C)
97,9,l_CLI70,Precip. of warmest quarter [max] (kg/m²)
97,10,l_SOL21,Coarse fragments by volume (>2 mm) [min] (v%)
98,1,l_CLI38,Mean temp. of warmest quarter [max] (°C)
98,2,l_CLI2,Ann. mean air temp. [max] (°C)
98,3,l_CLI57,Precip. seasonality (CV) [min] (kg/m²)
98,4,l_SOL26,Bulk density of the fine earth fraction (< 2 mm) [max] (kg/m³)
98,5,l_CLI70,Precip. of warmest quarter [max] (kg/m²)
98,6,l_CLI18,Max temp. of warmest month [max] (°C)
98,7,l_SOL25,Bulk density of the fine earth fraction (< 2 mm) [min] (kg/m³)
98,8,l_CLI66,Precip. of driest quarter [max] (kg/m²)
98,9,l_TOP102,Cell upstream distance (between focal cell and next cell) [max] (–)
98,10,l_SOL21,Coarse fragments by volume (>2 mm) [min] (v%)
99,1,l_CLI38,Mean temp. of warmest quarter [max] (°C)
99,2,l_CLI2,Ann. mean air temp. [max] (°C)
99,3,l_TOP102,Cell upstream distance (between focal cell and next cell) [max] (–)
99,4,l_CLI57,Precip. seasonality (CV) [min] (kg/m²)
99,5,l_CLI70,Precip. of warmest quarter [max] (kg/m²)
99,6,l_SOL26,Bulk density of the fine earth fraction (< 2 mm) [max] (kg/m³)
99,7,l_SOL25,Bulk density of the fine earth fraction (< 2 mm) [min] (kg/m³)
99,8,l_CLI18,Max temp. of warmest month [max] (°C)
99,9,l_CLI66,Precip. of driest quarter [max] (kg/m²)
99,10,l_CLI30,Mean temp. of wettest quarter [max] (°C)
100,1,l_CLI38,Mean temp. of warmest quarter [max] (°C)
100,2,l_CLI2,Ann. mean air temp. [max] (°C)
100,3,l_CLI70,Precip. of warmest quarter [max] (kg/m²)
100,4,l_SOL26,Bulk density of the fine earth fraction (< 2 mm) [max] (kg/m³)
100,5,l_CLI18,Max temp. of warmest month [max] (°C)
100,6,l_CLI57,Precip. seasonality (CV) [min] (kg/m²)
100,7,l_TOP102,Cell upstream distance (between focal cell and next cell) [max] (–)
100,8,l_SOL21,Coarse fragments by volume (>2 mm) [min] (v%)
100,9,l_SOL25,Bulk density of the fine earth fraction (< 2 mm) [min] (kg/m³)
100,10,l_CLI66,Precip. of driest quarter [max] (kg/m²)
