species,fold,variable,importance,type
Pontastacus leptodactylus,1,l_CLI1,0.021379836948321004,Climate
Pontastacus leptodactylus,1,l_CLI12,0.002820599881666433,Climate
Pontastacus leptodactylus,1,l_CLI14,0.03545835748143506,Climate
Pontastacus leptodactylus,1,l_CLI16,0.002387957163448958,Climate
Pontastacus leptodactylus,1,l_CLI19,0.0496104958500112,Climate
Pontastacus leptodactylus,1,l_CLI20,0.0018829679507973984,Climate
Pontastacus leptodactylus,1,l_CLI21,0.012895969675277149,Climate
Pontastacus leptodactylus,1,l_CLI24,0.0013216616357327393,Climate
Pontastacus leptodactylus,1,l_CLI26,0.028704446765148665,Climate
Pontastacus leptodactylus,1,l_CLI28,0.00218344742189893,Climate
Pontastacus leptodactylus,1,l_CLI30,0.012910897873097151,Climate
Pontastacus leptodactylus,1,l_CLI32,0.0021962442082734362,Climate
Pontastacus leptodactylus,1,l_CLI33,0.014692413621821322,Climate
Pontastacus leptodactylus,1,l_CLI36,0.0014573778325850727,Climate
Pontastacus leptodactylus,1,l_CLI38,0.04149914025856222,Climate
Pontastacus leptodactylus,1,l_CLI4,0.002561865199931309,Climate
Pontastacus leptodactylus,1,l_CLI40,0.0017587139106054433,Climate
Pontastacus leptodactylus,1,l_CLI44,0.0012096146533692224,Climate
Pontastacus leptodactylus,1,l_CLI45,0.018784118837701445,Climate
Pontastacus leptodactylus,1,l_CLI49,0.004879329275583138,Climate
Pontastacus leptodactylus,1,l_CLI5,0.03053261455924396,Climate
Pontastacus leptodactylus,1,l_CLI52,0.002695599611104168,Climate
Pontastacus leptodactylus,1,l_CLI53,0.02709527335357562,Climate
Pontastacus leptodactylus,1,l_CLI56,0.002384841557905768,Climate
Pontastacus leptodactylus,1,l_CLI57,0.028499037205695556,Climate
Pontastacus leptodactylus,1,l_CLI60,0.004501095578544493,Climate
Pontastacus leptodactylus,1,l_CLI69,0.00912595745544574,Climate
Pontastacus leptodactylus,1,l_CLI72,0.003038334365749992,Climate
Pontastacus leptodactylus,1,l_CLI73,0.013706569572147328,Climate
Pontastacus leptodactylus,1,l_CLI76,0.002549322736972537,Climate
Pontastacus leptodactylus,1,l_CLI8,0.0013974875081519229,Climate
Pontastacus leptodactylus,1,l_CLI9,0.011626393857059719,Climate
Pontastacus leptodactylus,1,l_LAC1,0.001714875643563859,Land Cover
Pontastacus leptodactylus,1,l_LAC10,0.0013685890802902893,Land Cover
Pontastacus leptodactylus,1,l_LAC11,0.00034726111464398465,Land Cover
Pontastacus leptodactylus,1,l_LAC12,0.00044569746181014335,Land Cover
Pontastacus leptodactylus,1,l_LAC13,0.0008803268183041119,Land Cover
Pontastacus leptodactylus,1,l_LAC15,0.00010958367393973058,Land Cover
Pontastacus leptodactylus,1,l_LAC16,0.00038686973546739215,Land Cover
Pontastacus leptodactylus,1,l_LAC18,0.0008789684288121715,Land Cover
Pontastacus leptodactylus,1,l_LAC19,0.0021836258032662034,Land Cover
Pontastacus leptodactylus,1,l_LAC2,0.00018083460645144537,Land Cover
Pontastacus leptodactylus,1,l_LAC20,8.65954102443749e-05,Land Cover
Pontastacus leptodactylus,1,l_LAC21,0.0020098824332529133,Land Cover
Pontastacus leptodactylus,1,l_LAC3,0.0013233751454100183,Land Cover
Pontastacus leptodactylus,1,l_LAC4,0.0005275208319747869,Land Cover
Pontastacus leptodactylus,1,l_LAC5,9.157844316735998e-06,Land Cover
Pontastacus leptodactylus,1,l_LAC6,0.0008967426091466617,Land Cover
Pontastacus leptodactylus,1,l_LAC7,0.002073674709950434,Land Cover
Pontastacus leptodactylus,1,l_LAC8,0.0,Land Cover
Pontastacus leptodactylus,1,l_LAC9,0.00043116556727408134,Land Cover
Pontastacus leptodactylus,1,l_SOL1,0.003851531791639447,Soil
Pontastacus leptodactylus,1,l_SOL10,0.006713024039297023,Soil
Pontastacus leptodactylus,1,l_SOL12,0.0029104838578927405,Soil
Pontastacus leptodactylus,1,l_SOL13,0.004026370343287583,Soil
Pontastacus leptodactylus,1,l_SOL14,0.00431218390617051,Soil
Pontastacus leptodactylus,1,l_SOL16,0.0033543904779562935,Soil
Pontastacus leptodactylus,1,l_SOL17,0.0051354308714825735,Soil
Pontastacus leptodactylus,1,l_SOL18,0.00621956518600056,Soil
Pontastacus leptodactylus,1,l_SOL19,0.009253997038940767,Soil
Pontastacus leptodactylus,1,l_SOL2,0.0020563344833991466,Soil
Pontastacus leptodactylus,1,l_SOL20,0.003261576806361388,Soil
Pontastacus leptodactylus,1,l_SOL21,0.0051774499559293224,Soil
Pontastacus leptodactylus,1,l_SOL22,0.0033228918660745932,Soil
Pontastacus leptodactylus,1,l_SOL23,0.0065483706556403965,Soil
Pontastacus leptodactylus,1,l_SOL24,0.002814279138409279,Soil
Pontastacus leptodactylus,1,l_SOL25,0.003976642398747212,Soil
Pontastacus leptodactylus,1,l_SOL26,0.004179212492479788,Soil
Pontastacus leptodactylus,1,l_SOL27,0.005449103865384234,Soil
Pontastacus leptodactylus,1,l_SOL28,0.0033886856529411497,Soil
Pontastacus leptodactylus,1,l_SOL29,0.01671439395860967,Soil
Pontastacus leptodactylus,1,l_SOL3,0.005519713319964766,Soil
Pontastacus leptodactylus,1,l_SOL30,0.014249542189687946,Soil
Pontastacus leptodactylus,1,l_SOL31,0.01764901836926967,Soil
Pontastacus leptodactylus,1,l_SOL32,0.0034740931675772166,Soil
Pontastacus leptodactylus,1,l_SOL33,0.0038510324611520323,Soil
Pontastacus leptodactylus,1,l_SOL34,0.00471866984766541,Soil
Pontastacus leptodactylus,1,l_SOL35,0.00799166341929903,Soil
Pontastacus leptodactylus,1,l_SOL36,0.0042246969004756125,Soil
Pontastacus leptodactylus,1,l_SOL37,0.0036525599642302665,Soil
Pontastacus leptodactylus,1,l_SOL38,0.004111697149389034,Soil
Pontastacus leptodactylus,1,l_SOL39,0.0035621795188786045,Soil
Pontastacus leptodactylus,1,l_SOL4,0.0030824902255802943,Soil
Pontastacus leptodactylus,1,l_SOL40,0.005285550664709849,Soil
Pontastacus leptodactylus,1,l_SOL42,0.007739477305884991,Soil
Pontastacus leptodactylus,1,l_SOL44,0.003657571847624421,Soil
Pontastacus leptodactylus,1,l_SOL45,0.0012634121391922855,Soil
Pontastacus leptodactylus,1,l_SOL46,0.003810336297770731,Soil
Pontastacus leptodactylus,1,l_SOL47,0.005868117780939407,Soil
Pontastacus leptodactylus,1,l_SOL48,0.0014356877382124354,Soil
Pontastacus leptodactylus,1,l_SOL49,2.0864776892526342e-19,Soil
Pontastacus leptodactylus,1,l_SOL5,0.006307918421612813,Soil
Pontastacus leptodactylus,1,l_SOL50,1.9620642365294446e-05,Soil
Pontastacus leptodactylus,1,l_SOL51,2.1997490585774407e-05,Soil
Pontastacus leptodactylus,1,l_SOL52,2.895248796070594e-05,Soil
Pontastacus leptodactylus,1,l_SOL53,0.0004422433760900777,Soil
Pontastacus leptodactylus,1,l_SOL54,5.344398919484706e-05,Soil
Pontastacus leptodactylus,1,l_SOL55,0.00043735296968999324,Soil
Pontastacus leptodactylus,1,l_SOL56,0.0007275654448517869,Soil
Pontastacus leptodactylus,1,l_SOL57,0.003112048129274463,Soil
Pontastacus leptodactylus,1,l_SOL58,0.003220441217248756,Soil
Pontastacus leptodactylus,1,l_SOL59,0.005849993933639105,Soil
Pontastacus leptodactylus,1,l_SOL6,0.0035769919995659863,Soil
Pontastacus leptodactylus,1,l_SOL60,0.0032936989306552628,Soil
Pontastacus leptodactylus,1,l_SOL7,0.01001939586786138,Soil
Pontastacus leptodactylus,1,l_SOL8,0.0033125453643338435,Soil
Pontastacus leptodactylus,1,l_SOL9,0.009832833270821226,Soil
Pontastacus leptodactylus,1,l_TOP10,0.0019916588813944946,Topography
Pontastacus leptodactylus,1,l_TOP101,0.011101634412782098,Topography
Pontastacus leptodactylus,1,l_TOP102,0.025372387853480702,Topography
Pontastacus leptodactylus,1,l_TOP103,0.004123414051264171,Topography
Pontastacus leptodactylus,1,l_TOP104,0.0036162088488231473,Topography
Pontastacus leptodactylus,1,l_TOP105,0.0008702603884691503,Topography
Pontastacus leptodactylus,1,l_TOP106,0.0011844957442197748,Topography
Pontastacus leptodactylus,1,l_TOP107,0.002360017261618418,Topography
Pontastacus leptodactylus,1,l_TOP108,0.002001444618452539,Topography
Pontastacus leptodactylus,1,l_TOP109,0.027904325172045937,Topography
Pontastacus leptodactylus,1,l_TOP11,0.0028246610891676264,Topography
Pontastacus leptodactylus,1,l_TOP111,0.003901303404878154,Topography
Pontastacus leptodactylus,1,l_TOP112,0.003706434316769124,Topography
Pontastacus leptodactylus,1,l_TOP113,0.00401131396210209,Topography
Pontastacus leptodactylus,1,l_TOP116,0.006725876927615757,Topography
Pontastacus leptodactylus,1,l_TOP118,0.0015645698874634706,Topography
Pontastacus leptodactylus,1,l_TOP119,0.002367761962066459,Topography
Pontastacus leptodactylus,1,l_TOP12,0.0031640923087228193,Topography
Pontastacus leptodactylus,1,l_TOP124,0.004819367071658289,Topography
Pontastacus leptodactylus,1,l_TOP125,0.004304991444845882,Topography
Pontastacus leptodactylus,1,l_TOP126,0.003824623707175993,Topography
Pontastacus leptodactylus,1,l_TOP127,0.004287904789862242,Topography
Pontastacus leptodactylus,1,l_TOP13,0.0015780342271289808,Topography
Pontastacus leptodactylus,1,l_TOP132,0.0038964638436658977,Topography
Pontastacus leptodactylus,1,l_TOP133,0.00038309544645148534,Topography
Pontastacus leptodactylus,1,l_TOP134,0.0034584649017226185,Topography
Pontastacus leptodactylus,1,l_TOP135,0.003363671799584837,Topography
Pontastacus leptodactylus,1,l_TOP136,0.003499305614980958,Topography
Pontastacus leptodactylus,1,l_TOP138,0.003016119190757046,Topography
Pontastacus leptodactylus,1,l_TOP139,0.002910996428225449,Topography
Pontastacus leptodactylus,1,l_TOP14,0.0025867120924229423,Topography
Pontastacus leptodactylus,1,l_TOP140,0.0027760333356824174,Topography
Pontastacus leptodactylus,1,l_TOP141,0.003140278528288407,Topography
Pontastacus leptodactylus,1,l_TOP142,0.004485803518831826,Topography
Pontastacus leptodactylus,1,l_TOP143,0.00328791102627153,Topography
Pontastacus leptodactylus,1,l_TOP144,0.0036472489676188644,Topography
Pontastacus leptodactylus,1,l_TOP16,0.0026737165678245435,Topography
Pontastacus leptodactylus,1,l_TOP17,2.1961834717988213e-05,Topography
Pontastacus leptodactylus,1,l_TOP18,0.0037674832966117936,Topography
Pontastacus leptodactylus,1,l_TOP19,0.0035500499727681104,Topography
Pontastacus leptodactylus,1,l_TOP2,0.0028789389410282112,Topography
Pontastacus leptodactylus,1,l_TOP20,0.0042284968536826385,Topography
Pontastacus leptodactylus,1,l_TOP23,0.0039981441916917965,Topography
Pontastacus leptodactylus,1,l_TOP24,0.003587166379779814,Topography
Pontastacus leptodactylus,1,l_TOP26,0.0031183866880484363,Topography
Pontastacus leptodactylus,1,l_TOP27,0.003336929172142926,Topography
Pontastacus leptodactylus,1,l_TOP28,0.0035034560222773335,Topography
Pontastacus leptodactylus,1,l_TOP35,0.0030798621690389283,Topography
Pontastacus leptodactylus,1,l_TOP36,0.003487102665799195,Topography
Pontastacus leptodactylus,1,l_TOP38,0.0033046118913962457,Topography
Pontastacus leptodactylus,1,l_TOP39,0.0031748272207140237,Topography
Pontastacus leptodactylus,1,l_TOP4,0.002940436986752202,Topography
Pontastacus leptodactylus,1,l_TOP40,0.003243877661574839,Topography
Pontastacus leptodactylus,1,l_TOP41,0.0,Topography
Pontastacus leptodactylus,1,l_TOP42,0.0024343205605966397,Topography
Pontastacus leptodactylus,1,l_TOP43,0.0037443713312616082,Topography
Pontastacus leptodactylus,1,l_TOP44,0.0030626523880438344,Topography
Pontastacus leptodactylus,1,l_TOP46,0.006002965158687835,Topography
Pontastacus leptodactylus,1,l_TOP47,0.006158043522821549,Topography
Pontastacus leptodactylus,1,l_TOP48,0.006297889365528599,Topography
Pontastacus leptodactylus,1,l_TOP49,0.0007531277064750709,Topography
Pontastacus leptodactylus,1,l_TOP5,0.002622686785754823,Topography
Pontastacus leptodactylus,1,l_TOP50,0.002131313542466149,Topography
Pontastacus leptodactylus,1,l_TOP51,0.002780246796722557,Topography
Pontastacus leptodactylus,1,l_TOP52,0.0026451082478626477,Topography
Pontastacus leptodactylus,1,l_TOP53,0.006421873560916759,Topography
Pontastacus leptodactylus,1,l_TOP56,0.0026935138527270997,Topography
Pontastacus leptodactylus,1,l_TOP59,0.003010319508951315,Topography
Pontastacus leptodactylus,1,l_TOP6,0.0033372732412397196,Topography
Pontastacus leptodactylus,1,l_TOP63,0.0023706283533001388,Topography
Pontastacus leptodactylus,1,l_TOP64,0.002185261805961316,Topography
Pontastacus leptodactylus,1,l_TOP65,0.0015290799277063133,Topography
Pontastacus leptodactylus,1,l_TOP66,0.002128910832432731,Topography
Pontastacus leptodactylus,1,l_TOP67,0.0017544318156721026,Topography
Pontastacus leptodactylus,1,l_TOP68,0.0016878127065513909,Topography
Pontastacus leptodactylus,1,l_TOP7,0.00346035586832001,Topography
Pontastacus leptodactylus,1,l_TOP71,0.0020767029527502564,Topography
Pontastacus leptodactylus,1,l_TOP73,0.0017026063151116472,Topography
Pontastacus leptodactylus,1,l_TOP74,0.0019149880845319009,Topography
Pontastacus leptodactylus,1,l_TOP75,0.00218512289134777,Topography
Pontastacus leptodactylus,1,l_TOP76,0.002195320651107292,Topography
Pontastacus leptodactylus,1,l_TOP78,0.0011666170019956914,Topography
Pontastacus leptodactylus,1,l_TOP79,0.001835743883737611,Topography
Pontastacus leptodactylus,1,l_TOP83,0.0012560424233424004,Topography
Pontastacus leptodactylus,1,l_TOP85,0.0015685481176156493,Topography
Pontastacus leptodactylus,1,l_TOP86,0.0014581237542677164,Topography
Pontastacus leptodactylus,1,l_TOP88,0.0021332511407647485,Topography
Pontastacus leptodactylus,1,l_TOP89,0.0012450947591606328,Topography
Pontastacus leptodactylus,1,l_TOP9,0.0010785208649280783,Topography
Pontastacus leptodactylus,1,l_TOP90,0.0011347062440540292,Topography
Pontastacus leptodactylus,1,l_TOP91,0.002035676750826873,Topography
Pontastacus leptodactylus,1,l_TOP92,0.0017711481929242672,Topography
Pontastacus leptodactylus,1,l_TOP93,0.005766059219401697,Topography
Pontastacus leptodactylus,1,l_TOP97,0.0046360009748883865,Topography
Pontastacus leptodactylus,2,l_CLI1,0.023296163024357195,Climate
Pontastacus leptodactylus,2,l_CLI12,0.0023056900145411647,Climate
Pontastacus leptodactylus,2,l_CLI14,0.038511465095139745,Climate
Pontastacus leptodactylus,2,l_CLI16,0.002874323247796573,Climate
Pontastacus leptodactylus,2,l_CLI19,0.05454667452026766,Climate
Pontastacus leptodactylus,2,l_CLI20,0.0018829154712080272,Climate
Pontastacus leptodactylus,2,l_CLI21,0.012991279955567142,Climate
Pontastacus leptodactylus,2,l_CLI24,0.0012372752737375003,Climate
Pontastacus leptodactylus,2,l_CLI26,0.02935486526144919,Climate
Pontastacus leptodactylus,2,l_CLI28,0.0020018732633422464,Climate
Pontastacus leptodactylus,2,l_CLI30,0.014268204458894582,Climate
Pontastacus leptodactylus,2,l_CLI32,0.0022996550462175353,Climate
Pontastacus leptodactylus,2,l_CLI33,0.01317661134771599,Climate
Pontastacus leptodactylus,2,l_CLI36,0.0014250493459301047,Climate
Pontastacus leptodactylus,2,l_CLI38,0.04188294170005732,Climate
Pontastacus leptodactylus,2,l_CLI4,0.0018315447210701123,Climate
Pontastacus leptodactylus,2,l_CLI40,0.0017000378537843426,Climate
Pontastacus leptodactylus,2,l_CLI44,0.0017363652799142156,Climate
Pontastacus leptodactylus,2,l_CLI45,0.015698696209571053,Climate
Pontastacus leptodactylus,2,l_CLI49,0.006423895491355837,Climate
Pontastacus leptodactylus,2,l_CLI5,0.027811931998732973,Climate
Pontastacus leptodactylus,2,l_CLI52,0.0030438020212228863,Climate
Pontastacus leptodactylus,2,l_CLI53,0.02343296644460201,Climate
Pontastacus leptodactylus,2,l_CLI56,0.002644797826527216,Climate
Pontastacus leptodactylus,2,l_CLI57,0.02548845324879378,Climate
Pontastacus leptodactylus,2,l_CLI60,0.004624726760605093,Climate
Pontastacus leptodactylus,2,l_CLI69,0.011789234080327267,Climate
Pontastacus leptodactylus,2,l_CLI72,0.003605374876282713,Climate
Pontastacus leptodactylus,2,l_CLI73,0.011935215369892947,Climate
Pontastacus leptodactylus,2,l_CLI76,0.002649900492854984,Climate
Pontastacus leptodactylus,2,l_CLI8,0.0013965615003212963,Climate
Pontastacus leptodactylus,2,l_CLI9,0.011630164005664394,Climate
Pontastacus leptodactylus,2,l_LAC1,0.0017849070315069473,Land Cover
Pontastacus leptodactylus,2,l_LAC10,0.001343277371364779,Land Cover
Pontastacus leptodactylus,2,l_LAC11,0.00025529255205786677,Land Cover
Pontastacus leptodactylus,2,l_LAC12,0.0004043596872444544,Land Cover
Pontastacus leptodactylus,2,l_LAC13,0.0010839624494817,Land Cover
Pontastacus leptodactylus,2,l_LAC15,0.0001254529035670499,Land Cover
Pontastacus leptodactylus,2,l_LAC16,0.0002160378217358944,Land Cover
Pontastacus leptodactylus,2,l_LAC18,0.001076355877435099,Land Cover
Pontastacus leptodactylus,2,l_LAC19,0.0017415354252102765,Land Cover
Pontastacus leptodactylus,2,l_LAC2,7.790894015922845e-05,Land Cover
Pontastacus leptodactylus,2,l_LAC20,0.00018810347458060852,Land Cover
Pontastacus leptodactylus,2,l_LAC21,0.0021790846348545157,Land Cover
Pontastacus leptodactylus,2,l_LAC3,0.0014202891420296783,Land Cover
Pontastacus leptodactylus,2,l_LAC4,0.00036365669438227994,Land Cover
Pontastacus leptodactylus,2,l_LAC5,2.3548441644874425e-05,Land Cover
Pontastacus leptodactylus,2,l_LAC6,0.0011732353613829831,Land Cover
Pontastacus leptodactylus,2,l_LAC7,0.0019763351673756056,Land Cover
Pontastacus leptodactylus,2,l_LAC8,1.2191019590804556e-19,Land Cover
Pontastacus leptodactylus,2,l_LAC9,0.0006896834749853441,Land Cover
Pontastacus leptodactylus,2,l_SOL1,0.0023061865809087746,Soil
Pontastacus leptodactylus,2,l_SOL10,0.006306210808512544,Soil
Pontastacus leptodactylus,2,l_SOL12,0.00327438989973398,Soil
Pontastacus leptodactylus,2,l_SOL13,0.004406345076631456,Soil
Pontastacus leptodactylus,2,l_SOL14,0.00426163131528307,Soil
Pontastacus leptodactylus,2,l_SOL16,0.0035315065226715525,Soil
Pontastacus leptodactylus,2,l_SOL17,0.006876063875224547,Soil
Pontastacus leptodactylus,2,l_SOL18,0.006149129201837336,Soil
Pontastacus leptodactylus,2,l_SOL19,0.0070743337477144055,Soil
Pontastacus leptodactylus,2,l_SOL2,0.0019680164224746403,Soil
Pontastacus leptodactylus,2,l_SOL20,0.003017283313646162,Soil
Pontastacus leptodactylus,2,l_SOL21,0.0066574885812346,Soil
Pontastacus leptodactylus,2,l_SOL22,0.003645143772540201,Soil
Pontastacus leptodactylus,2,l_SOL23,0.006598212346941128,Soil
Pontastacus leptodactylus,2,l_SOL24,0.00296786619453568,Soil
Pontastacus leptodactylus,2,l_SOL25,0.0042463962535398735,Soil
Pontastacus leptodactylus,2,l_SOL26,0.004717855022355278,Soil
Pontastacus leptodactylus,2,l_SOL27,0.004127129863925297,Soil
Pontastacus leptodactylus,2,l_SOL28,0.0036203083451865933,Soil
Pontastacus leptodactylus,2,l_SOL29,0.015718348791869646,Soil
Pontastacus leptodactylus,2,l_SOL3,0.005327036983120123,Soil
Pontastacus leptodactylus,2,l_SOL30,0.014412616531937683,Soil
Pontastacus leptodactylus,2,l_SOL31,0.023335653992584363,Soil
Pontastacus leptodactylus,2,l_SOL32,0.003004205557746906,Soil
Pontastacus leptodactylus,2,l_SOL33,0.004954093115357903,Soil
Pontastacus leptodactylus,2,l_SOL34,0.004319673305889773,Soil
Pontastacus leptodactylus,2,l_SOL35,0.00790818276612042,Soil
Pontastacus leptodactylus,2,l_SOL36,0.0036068343119560237,Soil
Pontastacus leptodactylus,2,l_SOL37,0.003597341294805632,Soil
Pontastacus leptodactylus,2,l_SOL38,0.003720238398782157,Soil
Pontastacus leptodactylus,2,l_SOL39,0.0040832792192488825,Soil
Pontastacus leptodactylus,2,l_SOL4,0.0032623298138934266,Soil
Pontastacus leptodactylus,2,l_SOL40,0.0038118311188694988,Soil
Pontastacus leptodactylus,2,l_SOL42,0.006916673536822451,Soil
Pontastacus leptodactylus,2,l_SOL44,0.003925599649456618,Soil
Pontastacus leptodactylus,2,l_SOL45,0.0012115065252558401,Soil
Pontastacus leptodactylus,2,l_SOL46,0.003571346445616204,Soil
Pontastacus leptodactylus,2,l_SOL47,0.0046768841938371955,Soil
Pontastacus leptodactylus,2,l_SOL48,0.0016484030058806598,Soil
Pontastacus leptodactylus,2,l_SOL49,0.0,Soil
Pontastacus leptodactylus,2,l_SOL5,0.003985598595308082,Soil
Pontastacus leptodactylus,2,l_SOL50,2.682949261698817e-05,Soil
Pontastacus leptodactylus,2,l_SOL51,5.701894873825615e-05,Soil
Pontastacus leptodactylus,2,l_SOL52,7.832049387924315e-05,Soil
Pontastacus leptodactylus,2,l_SOL53,0.0007578480142568009,Soil
Pontastacus leptodactylus,2,l_SOL54,0.00016796097838911434,Soil
Pontastacus leptodactylus,2,l_SOL55,0.000545173083903138,Soil
Pontastacus leptodactylus,2,l_SOL56,0.0006807563775264349,Soil
Pontastacus leptodactylus,2,l_SOL57,0.0033700150518885777,Soil
Pontastacus leptodactylus,2,l_SOL58,0.003002435816592664,Soil
Pontastacus leptodactylus,2,l_SOL59,0.005069290402581804,Soil
Pontastacus leptodactylus,2,l_SOL6,0.003535973043008554,Soil
Pontastacus leptodactylus,2,l_SOL60,0.003211659523029505,Soil
Pontastacus leptodactylus,2,l_SOL7,0.006780304604063428,Soil
Pontastacus leptodactylus,2,l_SOL8,0.0033213089170034417,Soil
Pontastacus leptodactylus,2,l_SOL9,0.007421184494721714,Soil
Pontastacus leptodactylus,2,l_TOP10,0.0018676134795283248,Topography
Pontastacus leptodactylus,2,l_TOP101,0.008559521387462765,Topography
Pontastacus leptodactylus,2,l_TOP102,0.0242637183426382,Topography
Pontastacus leptodactylus,2,l_TOP103,0.004057590790149531,Topography
Pontastacus leptodactylus,2,l_TOP104,0.004161925698348616,Topography
Pontastacus leptodactylus,2,l_TOP105,0.0010940108257595916,Topography
Pontastacus leptodactylus,2,l_TOP106,0.0012366149148521517,Topography
Pontastacus leptodactylus,2,l_TOP107,0.0020724813082247007,Topography
Pontastacus leptodactylus,2,l_TOP108,0.002021675801872515,Topography
Pontastacus leptodactylus,2,l_TOP109,0.032529323864212825,Topography
Pontastacus leptodactylus,2,l_TOP11,0.002550288671269312,Topography
Pontastacus leptodactylus,2,l_TOP111,0.004036273343059518,Topography
Pontastacus leptodactylus,2,l_TOP112,0.0034495794644394946,Topography
Pontastacus leptodactylus,2,l_TOP113,0.004038281887188999,Topography
Pontastacus leptodactylus,2,l_TOP116,0.005702126880591091,Topography
Pontastacus leptodactylus,2,l_TOP118,0.001812514377003517,Topography
Pontastacus leptodactylus,2,l_TOP119,0.00241098718102398,Topography
Pontastacus leptodactylus,2,l_TOP12,0.0028345928566917227,Topography
Pontastacus leptodactylus,2,l_TOP124,0.005429869030480593,Topography
Pontastacus leptodactylus,2,l_TOP125,0.004121416529234901,Topography
Pontastacus leptodactylus,2,l_TOP126,0.004784392168154832,Topography
Pontastacus leptodactylus,2,l_TOP127,0.0036909305297305596,Topography
Pontastacus leptodactylus,2,l_TOP13,0.0012715486812278434,Topography
Pontastacus leptodactylus,2,l_TOP132,0.004892054284711745,Topography
Pontastacus leptodactylus,2,l_TOP133,0.0004974730380740624,Topography
Pontastacus leptodactylus,2,l_TOP134,0.0035731352474385808,Topography
Pontastacus leptodactylus,2,l_TOP135,0.0034099261217774455,Topography
Pontastacus leptodactylus,2,l_TOP136,0.003612872997656543,Topography
Pontastacus leptodactylus,2,l_TOP138,0.002887103923613618,Topography
Pontastacus leptodactylus,2,l_TOP139,0.0022725734307749252,Topography
Pontastacus leptodactylus,2,l_TOP14,0.0031167708232255,Topography
Pontastacus leptodactylus,2,l_TOP140,0.003086241884004129,Topography
Pontastacus leptodactylus,2,l_TOP141,0.0034071586191219633,Topography
Pontastacus leptodactylus,2,l_TOP142,0.007017436581450511,Topography
Pontastacus leptodactylus,2,l_TOP143,0.004497401993431208,Topography
Pontastacus leptodactylus,2,l_TOP144,0.003917972713377719,Topography
Pontastacus leptodactylus,2,l_TOP16,0.002966871107434661,Topography
Pontastacus leptodactylus,2,l_TOP17,5.404944368389898e-05,Topography
Pontastacus leptodactylus,2,l_TOP18,0.003960334426641662,Topography
Pontastacus leptodactylus,2,l_TOP19,0.00393820521094254,Topography
Pontastacus leptodactylus,2,l_TOP2,0.0034019816034996523,Topography
Pontastacus leptodactylus,2,l_TOP20,0.004238488617532476,Topography
Pontastacus leptodactylus,2,l_TOP23,0.003855250030454533,Topography
Pontastacus leptodactylus,2,l_TOP24,0.00351973458376817,Topography
Pontastacus leptodactylus,2,l_TOP26,0.0027785942690938107,Topography
Pontastacus leptodactylus,2,l_TOP27,0.0030678551501197027,Topography
Pontastacus leptodactylus,2,l_TOP28,0.002907316170173836,Topography
Pontastacus leptodactylus,2,l_TOP35,0.0031948143920154247,Topography
Pontastacus leptodactylus,2,l_TOP36,0.0033445300743729775,Topography
Pontastacus leptodactylus,2,l_TOP38,0.0030598544660934775,Topography
Pontastacus leptodactylus,2,l_TOP39,0.0033675717373101953,Topography
Pontastacus leptodactylus,2,l_TOP4,0.0027730997882435067,Topography
Pontastacus leptodactylus,2,l_TOP40,0.0030932211035215656,Topography
Pontastacus leptodactylus,2,l_TOP41,1.5382870699681898e-19,Topography
Pontastacus leptodactylus,2,l_TOP42,0.002114400405733721,Topography
Pontastacus leptodactylus,2,l_TOP43,0.0034234944969832085,Topography
Pontastacus leptodactylus,2,l_TOP44,0.0031983065317441684,Topography
Pontastacus leptodactylus,2,l_TOP46,0.005973876315124992,Topography
Pontastacus leptodactylus,2,l_TOP47,0.0058408192214851615,Topography
Pontastacus leptodactylus,2,l_TOP48,0.005610570103036289,Topography
Pontastacus leptodactylus,2,l_TOP49,0.0007444339118510801,Topography
Pontastacus leptodactylus,2,l_TOP5,0.002772304018570134,Topography
Pontastacus leptodactylus,2,l_TOP50,0.002056740373588261,Topography
Pontastacus leptodactylus,2,l_TOP51,0.0029907531145067414,Topography
Pontastacus leptodactylus,2,l_TOP52,0.002824095465768112,Topography
Pontastacus leptodactylus,2,l_TOP53,0.006488097848598925,Topography
Pontastacus leptodactylus,2,l_TOP56,0.0023696575474571302,Topography
Pontastacus leptodactylus,2,l_TOP59,0.0030482668730111226,Topography
Pontastacus leptodactylus,2,l_TOP6,0.0029045382141416904,Topography
Pontastacus leptodactylus,2,l_TOP63,0.0027288985808979474,Topography
Pontastacus leptodactylus,2,l_TOP64,0.002036266527613535,Topography
Pontastacus leptodactylus,2,l_TOP65,0.0016666504172406847,Topography
Pontastacus leptodactylus,2,l_TOP66,0.0019624390362083257,Topography
Pontastacus leptodactylus,2,l_TOP67,0.0020068682196473352,Topography
Pontastacus leptodactylus,2,l_TOP68,0.001453192921359795,Topography
Pontastacus leptodactylus,2,l_TOP7,0.0029403502075956954,Topography
Pontastacus leptodactylus,2,l_TOP71,0.002105901652479616,Topography
Pontastacus leptodactylus,2,l_TOP73,0.0016592301319397521,Topography
Pontastacus leptodactylus,2,l_TOP74,0.0021084522009181556,Topography
Pontastacus leptodactylus,2,l_TOP75,0.002132732495490431,Topography
Pontastacus leptodactylus,2,l_TOP76,0.002157173166360934,Topography
Pontastacus leptodactylus,2,l_TOP78,0.0012091841125526565,Topography
Pontastacus leptodactylus,2,l_TOP79,0.0018327862037951876,Topography
Pontastacus leptodactylus,2,l_TOP83,0.0013743060103771389,Topography
Pontastacus leptodactylus,2,l_TOP85,0.0009742459279872547,Topography
Pontastacus leptodactylus,2,l_TOP86,0.0012475949237331367,Topography
Pontastacus leptodactylus,2,l_TOP88,0.001842991316946165,Topography
Pontastacus leptodactylus,2,l_TOP89,0.0007013300923356962,Topography
Pontastacus leptodactylus,2,l_TOP9,0.001069492057641987,Topography
Pontastacus leptodactylus,2,l_TOP90,0.0013296591683021814,Topography
Pontastacus leptodactylus,2,l_TOP91,0.0021989082115612697,Topography
Pontastacus leptodactylus,2,l_TOP92,0.001829191573066401,Topography
Pontastacus leptodactylus,2,l_TOP93,0.008020058062610975,Topography
Pontastacus leptodactylus,2,l_TOP97,0.004947635292830806,Topography
Pontastacus leptodactylus,3,l_CLI1,0.01750883771476838,Climate
Pontastacus leptodactylus,3,l_CLI12,0.002210542749338764,Climate
Pontastacus leptodactylus,3,l_CLI14,0.04890844945900166,Climate
Pontastacus leptodactylus,3,l_CLI16,0.0029474844118670515,Climate
Pontastacus leptodactylus,3,l_CLI19,0.04816455672617738,Climate
Pontastacus leptodactylus,3,l_CLI20,0.0017457842075509948,Climate
Pontastacus leptodactylus,3,l_CLI21,0.011314261910003757,Climate
Pontastacus leptodactylus,3,l_CLI24,0.001557591155973393,Climate
Pontastacus leptodactylus,3,l_CLI26,0.026470506457325547,Climate
Pontastacus leptodactylus,3,l_CLI28,0.0019129976848841143,Climate
Pontastacus leptodactylus,3,l_CLI30,0.01617770999470877,Climate
Pontastacus leptodactylus,3,l_CLI32,0.0020145603804768222,Climate
Pontastacus leptodactylus,3,l_CLI33,0.014533908608851741,Climate
Pontastacus leptodactylus,3,l_CLI36,0.0018992035862444277,Climate
Pontastacus leptodactylus,3,l_CLI38,0.04068800557375414,Climate
Pontastacus leptodactylus,3,l_CLI4,0.0024114565292704445,Climate
Pontastacus leptodactylus,3,l_CLI40,0.001659766822549542,Climate
Pontastacus leptodactylus,3,l_CLI44,0.0016465940923651755,Climate
Pontastacus leptodactylus,3,l_CLI45,0.020460644226355372,Climate
Pontastacus leptodactylus,3,l_CLI49,0.006031646240251181,Climate
Pontastacus leptodactylus,3,l_CLI5,0.029442797948304768,Climate
Pontastacus leptodactylus,3,l_CLI52,0.0030145895500211994,Climate
Pontastacus leptodactylus,3,l_CLI53,0.03086851786757027,Climate
Pontastacus leptodactylus,3,l_CLI56,0.002659968147940796,Climate
Pontastacus leptodactylus,3,l_CLI57,0.028512266799718973,Climate
Pontastacus leptodactylus,3,l_CLI60,0.0034711854610737264,Climate
Pontastacus leptodactylus,3,l_CLI69,0.010950747322343964,Climate
Pontastacus leptodactylus,3,l_CLI72,0.003147015474339232,Climate
Pontastacus leptodactylus,3,l_CLI73,0.016221305424448492,Climate
Pontastacus leptodactylus,3,l_CLI76,0.0027565581192849032,Climate
Pontastacus leptodactylus,3,l_CLI8,0.0008715967821562861,Climate
Pontastacus leptodactylus,3,l_CLI9,0.009991129000155008,Climate
Pontastacus leptodactylus,3,l_LAC1,0.0015542733866166208,Land Cover
Pontastacus leptodactylus,3,l_LAC10,0.0012930047739715378,Land Cover
Pontastacus leptodactylus,3,l_LAC11,0.0002014346218483575,Land Cover
Pontastacus leptodactylus,3,l_LAC12,0.0001316101100775983,Land Cover
Pontastacus leptodactylus,3,l_LAC13,0.0007159845014176311,Land Cover
Pontastacus leptodactylus,3,l_LAC15,3.3858331968853435e-05,Land Cover
Pontastacus leptodactylus,3,l_LAC16,0.0004447116364717803,Land Cover
Pontastacus leptodactylus,3,l_LAC18,0.0010206900304884118,Land Cover
Pontastacus leptodactylus,3,l_LAC19,0.0018175488140547377,Land Cover
Pontastacus leptodactylus,3,l_LAC2,9.751798167178071e-05,Land Cover
Pontastacus leptodactylus,3,l_LAC20,0.00015959235464952737,Land Cover
Pontastacus leptodactylus,3,l_LAC21,0.001892389761596755,Land Cover
Pontastacus leptodactylus,3,l_LAC3,0.0010961216310308034,Land Cover
Pontastacus leptodactylus,3,l_LAC4,0.00034598732592519294,Land Cover
Pontastacus leptodactylus,3,l_LAC5,6.383398399992409e-05,Land Cover
Pontastacus leptodactylus,3,l_LAC6,0.0009270823296786872,Land Cover
Pontastacus leptodactylus,3,l_LAC7,0.001945898577367042,Land Cover
Pontastacus leptodactylus,3,l_LAC8,1.3856234814770322e-05,Land Cover
Pontastacus leptodactylus,3,l_LAC9,0.0006213665276531563,Land Cover
Pontastacus leptodactylus,3,l_SOL1,0.0029525786742808655,Soil
Pontastacus leptodactylus,3,l_SOL10,0.005527721393939421,Soil
Pontastacus leptodactylus,3,l_SOL12,0.0035241240417234854,Soil
Pontastacus leptodactylus,3,l_SOL13,0.005045856941013258,Soil
Pontastacus leptodactylus,3,l_SOL14,0.004321964291826663,Soil
Pontastacus leptodactylus,3,l_SOL16,0.004156682467489425,Soil
Pontastacus leptodactylus,3,l_SOL17,0.004059120907989205,Soil
Pontastacus leptodactylus,3,l_SOL18,0.004726295096192052,Soil
Pontastacus leptodactylus,3,l_SOL19,0.00660229961004954,Soil
Pontastacus leptodactylus,3,l_SOL2,0.0032215435692159976,Soil
Pontastacus leptodactylus,3,l_SOL20,0.0037139931174315337,Soil
Pontastacus leptodactylus,3,l_SOL21,0.006649103626145677,Soil
Pontastacus leptodactylus,3,l_SOL22,0.0031189411230347222,Soil
Pontastacus leptodactylus,3,l_SOL23,0.007122004944640916,Soil
Pontastacus leptodactylus,3,l_SOL24,0.0028587083003225266,Soil
Pontastacus leptodactylus,3,l_SOL25,0.0033325397926477636,Soil
Pontastacus leptodactylus,3,l_SOL26,0.004491090912351405,Soil
Pontastacus leptodactylus,3,l_SOL27,0.003989542055640799,Soil
Pontastacus leptodactylus,3,l_SOL28,0.00329893987060489,Soil
Pontastacus leptodactylus,3,l_SOL29,0.0189250560794692,Soil
Pontastacus leptodactylus,3,l_SOL3,0.005229665202261319,Soil
Pontastacus leptodactylus,3,l_SOL30,0.016714370016922726,Soil
Pontastacus leptodactylus,3,l_SOL31,0.02359880251457014,Soil
Pontastacus leptodactylus,3,l_SOL32,0.0031863880830026695,Soil
Pontastacus leptodactylus,3,l_SOL33,0.003182600981603411,Soil
Pontastacus leptodactylus,3,l_SOL34,0.004577369336060183,Soil
Pontastacus leptodactylus,3,l_SOL35,0.0076127843458947434,Soil
Pontastacus leptodactylus,3,l_SOL36,0.004170968831262984,Soil
Pontastacus leptodactylus,3,l_SOL37,0.0035915695231870676,Soil
Pontastacus leptodactylus,3,l_SOL38,0.0032039580710819457,Soil
Pontastacus leptodactylus,3,l_SOL39,0.003357678773778358,Soil
Pontastacus leptodactylus,3,l_SOL4,0.002982852560427916,Soil
Pontastacus leptodactylus,3,l_SOL40,0.004626907220824531,Soil
Pontastacus leptodactylus,3,l_SOL42,0.006908269342304187,Soil
Pontastacus leptodactylus,3,l_SOL44,0.003327787272366294,Soil
Pontastacus leptodactylus,3,l_SOL45,0.0006222615134091422,Soil
Pontastacus leptodactylus,3,l_SOL46,0.003998684569430624,Soil
Pontastacus leptodactylus,3,l_SOL47,0.0065484442165505705,Soil
Pontastacus leptodactylus,3,l_SOL48,0.0039230874261251,Soil
Pontastacus leptodactylus,3,l_SOL49,0.0,Soil
Pontastacus leptodactylus,3,l_SOL5,0.003390695980712517,Soil
Pontastacus leptodactylus,3,l_SOL50,3.634298013736105e-05,Soil
Pontastacus leptodactylus,3,l_SOL51,9.802092723892715e-05,Soil
Pontastacus leptodactylus,3,l_SOL52,6.704365497171875e-05,Soil
Pontastacus leptodactylus,3,l_SOL53,0.0005753686158417964,Soil
Pontastacus leptodactylus,3,l_SOL54,0.00014016303425348403,Soil
Pontastacus leptodactylus,3,l_SOL55,0.0006624938322441902,Soil
Pontastacus leptodactylus,3,l_SOL56,0.001052112900371858,Soil
Pontastacus leptodactylus,3,l_SOL57,0.002920905888889104,Soil
Pontastacus leptodactylus,3,l_SOL58,0.0032839417297588804,Soil
Pontastacus leptodactylus,3,l_SOL59,0.004654621917236671,Soil
Pontastacus leptodactylus,3,l_SOL6,0.0029220948929794418,Soil
Pontastacus leptodactylus,3,l_SOL60,0.00320785062987131,Soil
Pontastacus leptodactylus,3,l_SOL7,0.007198535165057444,Soil
Pontastacus leptodactylus,3,l_SOL8,0.0031854751376697997,Soil
Pontastacus leptodactylus,3,l_SOL9,0.006920357386800784,Soil
Pontastacus leptodactylus,3,l_TOP10,0.0014963643239125023,Topography
Pontastacus leptodactylus,3,l_TOP101,0.01064113465805972,Topography
Pontastacus leptodactylus,3,l_TOP102,0.02487563111300881,Topography
Pontastacus leptodactylus,3,l_TOP103,0.004164141724657444,Topography
Pontastacus leptodactylus,3,l_TOP104,0.004199661751513171,Topography
Pontastacus leptodactylus,3,l_TOP105,0.0009514942604316943,Topography
Pontastacus leptodactylus,3,l_TOP106,0.0007796989191487799,Topography
Pontastacus leptodactylus,3,l_TOP107,0.0024135067829143373,Topography
Pontastacus leptodactylus,3,l_TOP108,0.0018149446254720624,Topography
Pontastacus leptodactylus,3,l_TOP109,0.03296219928500397,Topography
Pontastacus leptodactylus,3,l_TOP11,0.0023306154704261974,Topography
Pontastacus leptodactylus,3,l_TOP111,0.0034570646452428172,Topography
Pontastacus leptodactylus,3,l_TOP112,0.00354488696426222,Topography
Pontastacus leptodactylus,3,l_TOP113,0.003021139359222915,Topography
Pontastacus leptodactylus,3,l_TOP116,0.006080139305802219,Topography
Pontastacus leptodactylus,3,l_TOP118,0.0012472685546624578,Topography
Pontastacus leptodactylus,3,l_TOP119,0.0019023468531094696,Topography
Pontastacus leptodactylus,3,l_TOP12,0.002719710612275585,Topography
Pontastacus leptodactylus,3,l_TOP124,0.004847875467185868,Topography
Pontastacus leptodactylus,3,l_TOP125,0.00470929440766887,Topography
Pontastacus leptodactylus,3,l_TOP126,0.004439974998351303,Topography
Pontastacus leptodactylus,3,l_TOP127,0.0033456008188504187,Topography
Pontastacus leptodactylus,3,l_TOP13,0.001065250543880105,Topography
Pontastacus leptodactylus,3,l_TOP132,0.004023609410971402,Topography
Pontastacus leptodactylus,3,l_TOP133,0.0005711807358101923,Topography
Pontastacus leptodactylus,3,l_TOP134,0.002599574633152591,Topography
Pontastacus leptodactylus,3,l_TOP135,0.002630540585396216,Topography
Pontastacus leptodactylus,3,l_TOP136,0.003113729425861507,Topography
Pontastacus leptodactylus,3,l_TOP138,0.0023457038881253586,Topography
Pontastacus leptodactylus,3,l_TOP139,0.002759171240238728,Topography
Pontastacus leptodactylus,3,l_TOP14,0.0027427064491476125,Topography
Pontastacus leptodactylus,3,l_TOP140,0.0026528212453590674,Topography
Pontastacus leptodactylus,3,l_TOP141,0.0029858253661872035,Topography
Pontastacus leptodactylus,3,l_TOP142,0.004612425136892371,Topography
Pontastacus leptodactylus,3,l_TOP143,0.0043836666198198695,Topography
Pontastacus leptodactylus,3,l_TOP144,0.003055321007533077,Topography
Pontastacus leptodactylus,3,l_TOP16,0.003404165695901441,Topography
Pontastacus leptodactylus,3,l_TOP17,1.4419282073511179e-05,Topography
Pontastacus leptodactylus,3,l_TOP18,0.003586605446037268,Topography
Pontastacus leptodactylus,3,l_TOP19,0.0034111378787288174,Topography
Pontastacus leptodactylus,3,l_TOP2,0.0028087270883804193,Topography
Pontastacus leptodactylus,3,l_TOP20,0.0035325361107439238,Topography
Pontastacus leptodactylus,3,l_TOP23,0.003208486661635655,Topography
Pontastacus leptodactylus,3,l_TOP24,0.003649562516251405,Topography
Pontastacus leptodactylus,3,l_TOP26,0.003192394119219794,Topography
Pontastacus leptodactylus,3,l_TOP27,0.0028883721475431246,Topography
Pontastacus leptodactylus,3,l_TOP28,0.0034440680684449626,Topography
Pontastacus leptodactylus,3,l_TOP35,0.003415926060031116,Topography
Pontastacus leptodactylus,3,l_TOP36,0.003419175826551974,Topography
Pontastacus leptodactylus,3,l_TOP38,0.0033467104163967167,Topography
Pontastacus leptodactylus,3,l_TOP39,0.0030335711466719516,Topography
Pontastacus leptodactylus,3,l_TOP4,0.0020536816875212026,Topography
Pontastacus leptodactylus,3,l_TOP40,0.003390427507809858,Topography
Pontastacus leptodactylus,3,l_TOP41,4.426595965521262e-06,Topography
Pontastacus leptodactylus,3,l_TOP42,0.0020669170481316963,Topography
Pontastacus leptodactylus,3,l_TOP43,0.0024821279940715536,Topography
Pontastacus leptodactylus,3,l_TOP44,0.003064962044761052,Topography
Pontastacus leptodactylus,3,l_TOP46,0.005867968216023964,Topography
Pontastacus leptodactylus,3,l_TOP47,0.004246647402996481,Topography
Pontastacus leptodactylus,3,l_TOP48,0.007906363645932984,Topography
Pontastacus leptodactylus,3,l_TOP49,0.0007059811616304797,Topography
Pontastacus leptodactylus,3,l_TOP5,0.0023251033227684125,Topography
Pontastacus leptodactylus,3,l_TOP50,0.002139781310259607,Topography
Pontastacus leptodactylus,3,l_TOP51,0.002736816797391704,Topography
Pontastacus leptodactylus,3,l_TOP52,0.0023387478533967326,Topography
Pontastacus leptodactylus,3,l_TOP53,0.005652224495646054,Topography
Pontastacus leptodactylus,3,l_TOP56,0.0027291227127929528,Topography
Pontastacus leptodactylus,3,l_TOP59,0.002588673304939207,Topography
Pontastacus leptodactylus,3,l_TOP6,0.0024930064876499693,Topography
Pontastacus leptodactylus,3,l_TOP63,0.002332600960091938,Topography
Pontastacus leptodactylus,3,l_TOP64,0.002356274323915165,Topography
Pontastacus leptodactylus,3,l_TOP65,0.001563572989996393,Topography
Pontastacus leptodactylus,3,l_TOP66,0.002040516562266508,Topography
Pontastacus leptodactylus,3,l_TOP67,0.0019665191143119565,Topography
Pontastacus leptodactylus,3,l_TOP68,0.001904804550183293,Topography
Pontastacus leptodactylus,3,l_TOP7,0.002749195174805118,Topography
Pontastacus leptodactylus,3,l_TOP71,0.0019902906701487403,Topography
Pontastacus leptodactylus,3,l_TOP73,0.0013160525134675877,Topography
Pontastacus leptodactylus,3,l_TOP74,0.0017940622871370408,Topography
Pontastacus leptodactylus,3,l_TOP75,0.0018150481348993407,Topography
Pontastacus leptodactylus,3,l_TOP76,0.0020434967349639,Topography
Pontastacus leptodactylus,3,l_TOP78,0.001494957285615567,Topography
Pontastacus leptodactylus,3,l_TOP79,0.0021517346406123832,Topography
Pontastacus leptodactylus,3,l_TOP83,0.001831521790958347,Topography
Pontastacus leptodactylus,3,l_TOP85,0.0011716873495822339,Topography
Pontastacus leptodactylus,3,l_TOP86,0.0017341713046447648,Topography
Pontastacus leptodactylus,3,l_TOP88,0.0016606722456912444,Topography
Pontastacus leptodactylus,3,l_TOP89,0.0007580946888479403,Topography
Pontastacus leptodactylus,3,l_TOP9,0.001090612088479524,Topography
Pontastacus leptodactylus,3,l_TOP90,0.0012439998513370434,Topography
Pontastacus leptodactylus,3,l_TOP91,0.0020366400963907575,Topography
Pontastacus leptodactylus,3,l_TOP92,0.0019058297791326778,Topography
Pontastacus leptodactylus,3,l_TOP93,0.006944798505850648,Topography
Pontastacus leptodactylus,3,l_TOP97,0.005600256477322305,Topography
Pontastacus leptodactylus,4,l_CLI1,0.02274714368971761,Climate
Pontastacus leptodactylus,4,l_CLI12,0.00220450351476921,Climate
Pontastacus leptodactylus,4,l_CLI14,0.03488956577210822,Climate
Pontastacus leptodactylus,4,l_CLI16,0.002397481023416184,Climate
Pontastacus leptodactylus,4,l_CLI19,0.05152006329493267,Climate
Pontastacus leptodactylus,4,l_CLI20,0.002013703169171206,Climate
Pontastacus leptodactylus,4,l_CLI21,0.01236678400399236,Climate
Pontastacus leptodactylus,4,l_CLI24,0.0012801421896305764,Climate
Pontastacus leptodactylus,4,l_CLI26,0.03611938006043479,Climate
Pontastacus leptodactylus,4,l_CLI28,0.0020856099260828423,Climate
Pontastacus leptodactylus,4,l_CLI30,0.014806733138462754,Climate
Pontastacus leptodactylus,4,l_CLI32,0.00221469549978123,Climate
Pontastacus leptodactylus,4,l_CLI33,0.013823298717873028,Climate
Pontastacus leptodactylus,4,l_CLI36,0.0013959618868084527,Climate
Pontastacus leptodactylus,4,l_CLI38,0.04761964817673245,Climate
Pontastacus leptodactylus,4,l_CLI4,0.0015964320517444905,Climate
Pontastacus leptodactylus,4,l_CLI40,0.0018827085362018538,Climate
Pontastacus leptodactylus,4,l_CLI44,0.0015738887679582817,Climate
Pontastacus leptodactylus,4,l_CLI45,0.015121783966408085,Climate
Pontastacus leptodactylus,4,l_CLI49,0.005999305864789464,Climate
Pontastacus leptodactylus,4,l_CLI5,0.029384346710891192,Climate
Pontastacus leptodactylus,4,l_CLI52,0.002667217887866464,Climate
Pontastacus leptodactylus,4,l_CLI53,0.02394027969757277,Climate
Pontastacus leptodactylus,4,l_CLI56,0.003099312498759105,Climate
Pontastacus leptodactylus,4,l_CLI57,0.02554325035611785,Climate
Pontastacus leptodactylus,4,l_CLI60,0.004604125851137797,Climate
Pontastacus leptodactylus,4,l_CLI69,0.012108029406893551,Climate
Pontastacus leptodactylus,4,l_CLI72,0.003247881872789472,Climate
Pontastacus leptodactylus,4,l_CLI73,0.014429015791498077,Climate
Pontastacus leptodactylus,4,l_CLI76,0.0028845919596675435,Climate
Pontastacus leptodactylus,4,l_CLI8,0.0013838720206876794,Climate
Pontastacus leptodactylus,4,l_CLI9,0.010268754691623987,Climate
Pontastacus leptodactylus,4,l_LAC1,0.0016732026900227125,Land Cover
Pontastacus leptodactylus,4,l_LAC10,0.0012625100659455252,Land Cover
Pontastacus leptodactylus,4,l_LAC11,0.00019504192174757195,Land Cover
Pontastacus leptodactylus,4,l_LAC12,0.0001697349274711348,Land Cover
Pontastacus leptodactylus,4,l_LAC13,0.0010703802128917558,Land Cover
Pontastacus leptodactylus,4,l_LAC15,8.352436795294339e-05,Land Cover
Pontastacus leptodactylus,4,l_LAC16,0.0003591044950012021,Land Cover
Pontastacus leptodactylus,4,l_LAC18,0.0005329389644542025,Land Cover
Pontastacus leptodactylus,4,l_LAC19,0.0013899505705800613,Land Cover
Pontastacus leptodactylus,4,l_LAC2,7.946780270261903e-05,Land Cover
Pontastacus leptodactylus,4,l_LAC20,0.0001312398493969536,Land Cover
Pontastacus leptodactylus,4,l_LAC21,0.0022578015709069903,Land Cover
Pontastacus leptodactylus,4,l_LAC3,0.001047407194752721,Land Cover
Pontastacus leptodactylus,4,l_LAC4,0.0004354976371850851,Land Cover
Pontastacus leptodactylus,4,l_LAC5,1.3125491949341763e-05,Land Cover
Pontastacus leptodactylus,4,l_LAC6,0.0011856350206537068,Land Cover
Pontastacus leptodactylus,4,l_LAC7,0.0018077318031266632,Land Cover
Pontastacus leptodactylus,4,l_LAC8,5.368073859872486e-06,Land Cover
Pontastacus leptodactylus,4,l_LAC9,0.0004140394332321225,Land Cover
Pontastacus leptodactylus,4,l_SOL1,0.002900391711892147,Soil
Pontastacus leptodactylus,4,l_SOL10,0.00716904927652683,Soil
Pontastacus leptodactylus,4,l_SOL12,0.0032768731415143875,Soil
Pontastacus leptodactylus,4,l_SOL13,0.004714615545090378,Soil
Pontastacus leptodactylus,4,l_SOL14,0.004210393214880471,Soil
Pontastacus leptodactylus,4,l_SOL16,0.0033174333291284544,Soil
Pontastacus leptodactylus,4,l_SOL17,0.006729604198742008,Soil
Pontastacus leptodactylus,4,l_SOL18,0.005476440472936946,Soil
Pontastacus leptodactylus,4,l_SOL19,0.00728153043538422,Soil
Pontastacus leptodactylus,4,l_SOL2,0.002261702884278194,Soil
Pontastacus leptodactylus,4,l_SOL20,0.0034988088115159954,Soil
Pontastacus leptodactylus,4,l_SOL21,0.005968382756762385,Soil
Pontastacus leptodactylus,4,l_SOL22,0.004551461619073722,Soil
Pontastacus leptodactylus,4,l_SOL23,0.005949153412117044,Soil
Pontastacus leptodactylus,4,l_SOL24,0.002897602248102185,Soil
Pontastacus leptodactylus,4,l_SOL25,0.003461954007270889,Soil
Pontastacus leptodactylus,4,l_SOL26,0.00456656700297124,Soil
Pontastacus leptodactylus,4,l_SOL27,0.004129891787432392,Soil
Pontastacus leptodactylus,4,l_SOL28,0.003967375457196636,Soil
Pontastacus leptodactylus,4,l_SOL29,0.015915122610897177,Soil
Pontastacus leptodactylus,4,l_SOL3,0.0052554564991867826,Soil
Pontastacus leptodactylus,4,l_SOL30,0.01668833724600393,Soil
Pontastacus leptodactylus,4,l_SOL31,0.022426044567897895,Soil
Pontastacus leptodactylus,4,l_SOL32,0.0029108356506090537,Soil
Pontastacus leptodactylus,4,l_SOL33,0.004924076156468285,Soil
Pontastacus leptodactylus,4,l_SOL34,0.005066144121124813,Soil
Pontastacus leptodactylus,4,l_SOL35,0.007129947616320904,Soil
Pontastacus leptodactylus,4,l_SOL36,0.0036393938938399043,Soil
Pontastacus leptodactylus,4,l_SOL37,0.002748724407980922,Soil
Pontastacus leptodactylus,4,l_SOL38,0.0032483204016058803,Soil
Pontastacus leptodactylus,4,l_SOL39,0.004228652419652951,Soil
Pontastacus leptodactylus,4,l_SOL4,0.003084478332370173,Soil
Pontastacus leptodactylus,4,l_SOL40,0.003802759260350999,Soil
Pontastacus leptodactylus,4,l_SOL42,0.008350734129665548,Soil
Pontastacus leptodactylus,4,l_SOL44,0.004366951061545275,Soil
Pontastacus leptodactylus,4,l_SOL45,0.0009376828213667209,Soil
Pontastacus leptodactylus,4,l_SOL46,0.003909414195772981,Soil
Pontastacus leptodactylus,4,l_SOL47,0.004533607887460939,Soil
Pontastacus leptodactylus,4,l_SOL48,0.0018525549315691497,Soil
Pontastacus leptodactylus,4,l_SOL49,0.0,Soil
Pontastacus leptodactylus,4,l_SOL5,0.004468637087184495,Soil
Pontastacus leptodactylus,4,l_SOL50,6.708797199244078e-05,Soil
Pontastacus leptodactylus,4,l_SOL51,4.430979968854611e-05,Soil
Pontastacus leptodactylus,4,l_SOL52,4.6392291320736156e-05,Soil
Pontastacus leptodactylus,4,l_SOL53,0.0007125128063862358,Soil
Pontastacus leptodactylus,4,l_SOL54,0.00010445646146870112,Soil
Pontastacus leptodactylus,4,l_SOL55,0.0008497296016999925,Soil
Pontastacus leptodactylus,4,l_SOL56,0.0008656364100551679,Soil
Pontastacus leptodactylus,4,l_SOL57,0.0025509556544116505,Soil
Pontastacus leptodactylus,4,l_SOL58,0.0027561873400162927,Soil
Pontastacus leptodactylus,4,l_SOL59,0.004072921424301495,Soil
Pontastacus leptodactylus,4,l_SOL6,0.00366822613967482,Soil
Pontastacus leptodactylus,4,l_SOL60,0.003599514545253601,Soil
Pontastacus leptodactylus,4,l_SOL7,0.007472693389543267,Soil
Pontastacus leptodactylus,4,l_SOL8,0.002928083552746757,Soil
Pontastacus leptodactylus,4,l_SOL9,0.006641857060317586,Soil
Pontastacus leptodactylus,4,l_TOP10,0.002157631251541848,Topography
Pontastacus leptodactylus,4,l_TOP101,0.013241435184167864,Topography
Pontastacus leptodactylus,4,l_TOP102,0.028208121820508126,Topography
Pontastacus leptodactylus,4,l_TOP103,0.0036792843453173404,Topography
Pontastacus leptodactylus,4,l_TOP104,0.005007151764703237,Topography
Pontastacus leptodactylus,4,l_TOP105,0.0011452166016932169,Topography
Pontastacus leptodactylus,4,l_TOP106,0.0013498630615351047,Topography
Pontastacus leptodactylus,4,l_TOP107,0.0022413602618598784,Topography
Pontastacus leptodactylus,4,l_TOP108,0.0017032116500766588,Topography
Pontastacus leptodactylus,4,l_TOP109,0.034221862546771904,Topography
Pontastacus leptodactylus,4,l_TOP11,0.0022916850979485134,Topography
Pontastacus leptodactylus,4,l_TOP111,0.0036023453232655197,Topography
Pontastacus leptodactylus,4,l_TOP112,0.0032622919018971703,Topography
Pontastacus leptodactylus,4,l_TOP113,0.003257514137526235,Topography
Pontastacus leptodactylus,4,l_TOP116,0.006456688760417123,Topography
Pontastacus leptodactylus,4,l_TOP118,0.0015391355122081063,Topography
Pontastacus leptodactylus,4,l_TOP119,0.0016879591252988847,Topography
Pontastacus leptodactylus,4,l_TOP12,0.0025252546311351097,Topography
Pontastacus leptodactylus,4,l_TOP124,0.0039682310787262035,Topography
Pontastacus leptodactylus,4,l_TOP125,0.0041671091001045804,Topography
Pontastacus leptodactylus,4,l_TOP126,0.003099402301729781,Topography
Pontastacus leptodactylus,4,l_TOP127,0.0028025839692363817,Topography
Pontastacus leptodactylus,4,l_TOP13,0.0011441652187775759,Topography
Pontastacus leptodactylus,4,l_TOP132,0.004136889135772286,Topography
Pontastacus leptodactylus,4,l_TOP133,0.0005246363784892489,Topography
Pontastacus leptodactylus,4,l_TOP134,0.0032745231366843592,Topography
Pontastacus leptodactylus,4,l_TOP135,0.003441180893436354,Topography
Pontastacus leptodactylus,4,l_TOP136,0.002875826762777631,Topography
Pontastacus leptodactylus,4,l_TOP138,0.0022406719191477133,Topography
Pontastacus leptodactylus,4,l_TOP139,0.0025544742432094996,Topography
Pontastacus leptodactylus,4,l_TOP14,0.0026257141009806105,Topography
Pontastacus leptodactylus,4,l_TOP140,0.002620600523713516,Topography
Pontastacus leptodactylus,4,l_TOP141,0.0027518926329869963,Topography
Pontastacus leptodactylus,4,l_TOP142,0.005477441712506855,Topography
Pontastacus leptodactylus,4,l_TOP143,0.003373132645196261,Topography
Pontastacus leptodactylus,4,l_TOP144,0.003494718309957382,Topography
Pontastacus leptodactylus,4,l_TOP16,0.00329279745923195,Topography
Pontastacus leptodactylus,4,l_TOP17,4.438309036286162e-05,Topography
Pontastacus leptodactylus,4,l_TOP18,0.003242187330275442,Topography
Pontastacus leptodactylus,4,l_TOP19,0.0032588148131420572,Topography
Pontastacus leptodactylus,4,l_TOP2,0.0031148502610329923,Topography
Pontastacus leptodactylus,4,l_TOP20,0.0035549035403670114,Topography
Pontastacus leptodactylus,4,l_TOP23,0.002854331870402811,Topography
Pontastacus leptodactylus,4,l_TOP24,0.002735004585283229,Topography
Pontastacus leptodactylus,4,l_TOP26,0.0034071555469655265,Topography
Pontastacus leptodactylus,4,l_TOP27,0.0032095573042609645,Topography
Pontastacus leptodactylus,4,l_TOP28,0.0033105648208476683,Topography
Pontastacus leptodactylus,4,l_TOP35,0.0039507440661718666,Topography
Pontastacus leptodactylus,4,l_TOP36,0.003263525670277781,Topography
Pontastacus leptodactylus,4,l_TOP38,0.0032069410707456104,Topography
Pontastacus leptodactylus,4,l_TOP39,0.003309598777651365,Topography
Pontastacus leptodactylus,4,l_TOP4,0.002691616673095951,Topography
Pontastacus leptodactylus,4,l_TOP40,0.002952022654343637,Topography
Pontastacus leptodactylus,4,l_TOP41,3.906952029125783e-06,Topography
Pontastacus leptodactylus,4,l_TOP42,0.002664546342425722,Topography
Pontastacus leptodactylus,4,l_TOP43,0.003088964292384932,Topography
Pontastacus leptodactylus,4,l_TOP44,0.0038626646397838245,Topography
Pontastacus leptodactylus,4,l_TOP46,0.006198735168632367,Topography
Pontastacus leptodactylus,4,l_TOP47,0.004154844563653249,Topography
Pontastacus leptodactylus,4,l_TOP48,0.00454228269440081,Topography
Pontastacus leptodactylus,4,l_TOP49,0.0011374708039399212,Topography
Pontastacus leptodactylus,4,l_TOP5,0.002951988692923367,Topography
Pontastacus leptodactylus,4,l_TOP50,0.0017993570513535433,Topography
Pontastacus leptodactylus,4,l_TOP51,0.002251097939742207,Topography
Pontastacus leptodactylus,4,l_TOP52,0.0025513636184057004,Topography
Pontastacus leptodactylus,4,l_TOP53,0.00622853828580553,Topography
Pontastacus leptodactylus,4,l_TOP56,0.0030521801211929266,Topography
Pontastacus leptodactylus,4,l_TOP59,0.0025341423974078563,Topography
Pontastacus leptodactylus,4,l_TOP6,0.0026261369226531703,Topography
Pontastacus leptodactylus,4,l_TOP63,0.0021749404332658834,Topography
Pontastacus leptodactylus,4,l_TOP64,0.002182406162789234,Topography
Pontastacus leptodactylus,4,l_TOP65,0.0015349244251374747,Topography
Pontastacus leptodactylus,4,l_TOP66,0.0018176343138170304,Topography
Pontastacus leptodactylus,4,l_TOP67,0.001813632683645691,Topography
Pontastacus leptodactylus,4,l_TOP68,0.0017393263854908684,Topography
Pontastacus leptodactylus,4,l_TOP7,0.002896924768040246,Topography
Pontastacus leptodactylus,4,l_TOP71,0.0022922383773747025,Topography
Pontastacus leptodactylus,4,l_TOP73,0.0012960210583513223,Topography
Pontastacus leptodactylus,4,l_TOP74,0.0019335943107331873,Topography
Pontastacus leptodactylus,4,l_TOP75,0.001823391327726739,Topography
Pontastacus leptodactylus,4,l_TOP76,0.0018226396579258555,Topography
Pontastacus leptodactylus,4,l_TOP78,0.0014408392751245785,Topography
Pontastacus leptodactylus,4,l_TOP79,0.0015637132552497705,Topography
Pontastacus leptodactylus,4,l_TOP83,0.0016660092510764075,Topography
Pontastacus leptodactylus,4,l_TOP85,0.0006696397760320527,Topography
Pontastacus leptodactylus,4,l_TOP86,0.001771991252831397,Topography
Pontastacus leptodactylus,4,l_TOP88,0.0018496614514271967,Topography
Pontastacus leptodactylus,4,l_TOP89,0.0006771209819373122,Topography
Pontastacus leptodactylus,4,l_TOP9,0.0004026092307302944,Topography
Pontastacus leptodactylus,4,l_TOP90,0.001562187415986676,Topography
Pontastacus leptodactylus,4,l_TOP91,0.0020642883053058605,Topography
Pontastacus leptodactylus,4,l_TOP92,0.0019557683298763438,Topography
Pontastacus leptodactylus,4,l_TOP93,0.009065034849037692,Topography
Pontastacus leptodactylus,4,l_TOP97,0.005254150507665159,Topography
Pontastacus leptodactylus,5,l_CLI1,0.026171675117548362,Climate
Pontastacus leptodactylus,5,l_CLI12,0.0024563522479092836,Climate
Pontastacus leptodactylus,5,l_CLI14,0.04931223811317251,Climate
Pontastacus leptodactylus,5,l_CLI16,0.0026460019185538365,Climate
Pontastacus leptodactylus,5,l_CLI19,0.045775293161833736,Climate
Pontastacus leptodactylus,5,l_CLI20,0.0015632477952692814,Climate
Pontastacus leptodactylus,5,l_CLI21,0.013453648890933095,Climate
Pontastacus leptodactylus,5,l_CLI24,0.0013046007104757311,Climate
Pontastacus leptodactylus,5,l_CLI26,0.027217105581820993,Climate
Pontastacus leptodactylus,5,l_CLI28,0.0020243815575479835,Climate
Pontastacus leptodactylus,5,l_CLI30,0.01398956411448365,Climate
Pontastacus leptodactylus,5,l_CLI32,0.0018002386893117915,Climate
Pontastacus leptodactylus,5,l_CLI33,0.012999407818079999,Climate
Pontastacus leptodactylus,5,l_CLI36,0.0014193658851045941,Climate
Pontastacus leptodactylus,5,l_CLI38,0.050878956864944286,Climate
Pontastacus leptodactylus,5,l_CLI4,0.0022818394031879135,Climate
Pontastacus leptodactylus,5,l_CLI40,0.0018605906813231906,Climate
Pontastacus leptodactylus,5,l_CLI44,0.0017344884537854439,Climate
Pontastacus leptodactylus,5,l_CLI45,0.0226388305140826,Climate
Pontastacus leptodactylus,5,l_CLI49,0.005139011947401562,Climate
Pontastacus leptodactylus,5,l_CLI5,0.02806592537415237,Climate
Pontastacus leptodactylus,5,l_CLI52,0.002974018366596065,Climate
Pontastacus leptodactylus,5,l_CLI53,0.022399695127322105,Climate
Pontastacus leptodactylus,5,l_CLI56,0.002874703546299887,Climate
Pontastacus leptodactylus,5,l_CLI57,0.026559702268717043,Climate
Pontastacus leptodactylus,5,l_CLI60,0.0034880354892040566,Climate
Pontastacus leptodactylus,5,l_CLI69,0.0091943649140881,Climate
Pontastacus leptodactylus,5,l_CLI72,0.0030087937949209716,Climate
Pontastacus leptodactylus,5,l_CLI73,0.015267660355797583,Climate
Pontastacus leptodactylus,5,l_CLI76,0.002460845656935619,Climate
Pontastacus leptodactylus,5,l_CLI8,0.0015260750380827134,Climate
Pontastacus leptodactylus,5,l_CLI9,0.009811682429780456,Climate
Pontastacus leptodactylus,5,l_LAC1,0.0016813704292415585,Land Cover
Pontastacus leptodactylus,5,l_LAC10,0.0007868742601209177,Land Cover
Pontastacus leptodactylus,5,l_LAC11,0.00017397790996751236,Land Cover
Pontastacus leptodactylus,5,l_LAC12,0.00032587148320955823,Land Cover
Pontastacus leptodactylus,5,l_LAC13,0.0010179410863748167,Land Cover
Pontastacus leptodactylus,5,l_LAC15,0.00010212028005668343,Land Cover
Pontastacus leptodactylus,5,l_LAC16,0.00027626308321008347,Land Cover
Pontastacus leptodactylus,5,l_LAC18,0.0006639795765634071,Land Cover
Pontastacus leptodactylus,5,l_LAC19,0.0019879759572840475,Land Cover
Pontastacus leptodactylus,5,l_LAC2,0.00011330738321755299,Land Cover
Pontastacus leptodactylus,5,l_LAC20,4.0851759672057565e-05,Land Cover
Pontastacus leptodactylus,5,l_LAC21,0.002213281127083489,Land Cover
Pontastacus leptodactylus,5,l_LAC3,0.0010153922472381056,Land Cover
Pontastacus leptodactylus,5,l_LAC4,0.00029552737135324554,Land Cover
Pontastacus leptodactylus,5,l_LAC5,4.1878681858279015e-05,Land Cover
Pontastacus leptodactylus,5,l_LAC6,0.0011127103842965577,Land Cover
Pontastacus leptodactylus,5,l_LAC7,0.0016912307296890927,Land Cover
Pontastacus leptodactylus,5,l_LAC8,0.0,Land Cover
Pontastacus leptodactylus,5,l_LAC9,0.0005190769237370161,Land Cover
Pontastacus leptodactylus,5,l_SOL1,0.002773333993448256,Soil
Pontastacus leptodactylus,5,l_SOL10,0.005984637855691649,Soil
Pontastacus leptodactylus,5,l_SOL12,0.003185765196799253,Soil
Pontastacus leptodactylus,5,l_SOL13,0.005127218115246936,Soil
Pontastacus leptodactylus,5,l_SOL14,0.004571062543299542,Soil
Pontastacus leptodactylus,5,l_SOL16,0.0032714675115990107,Soil
Pontastacus leptodactylus,5,l_SOL17,0.003982810400084636,Soil
Pontastacus leptodactylus,5,l_SOL18,0.005308519490221857,Soil
Pontastacus leptodactylus,5,l_SOL19,0.007116970018678242,Soil
Pontastacus leptodactylus,5,l_SOL2,0.001893971965402388,Soil
Pontastacus leptodactylus,5,l_SOL20,0.0032607883665184264,Soil
Pontastacus leptodactylus,5,l_SOL21,0.00784319315656028,Soil
Pontastacus leptodactylus,5,l_SOL22,0.004250383954460176,Soil
Pontastacus leptodactylus,5,l_SOL23,0.007414546050651599,Soil
Pontastacus leptodactylus,5,l_SOL24,0.002435334993491684,Soil
Pontastacus leptodactylus,5,l_SOL25,0.0038633888994031155,Soil
Pontastacus leptodactylus,5,l_SOL26,0.003623094142432083,Soil
Pontastacus leptodactylus,5,l_SOL27,0.003914227666767966,Soil
Pontastacus leptodactylus,5,l_SOL28,0.003419051949841222,Soil
Pontastacus leptodactylus,5,l_SOL29,0.014926452565676623,Soil
Pontastacus leptodactylus,5,l_SOL3,0.005167266235863131,Soil
Pontastacus leptodactylus,5,l_SOL30,0.012376443748412062,Soil
Pontastacus leptodactylus,5,l_SOL31,0.02100896333929429,Soil
Pontastacus leptodactylus,5,l_SOL32,0.002512914372063045,Soil
Pontastacus leptodactylus,5,l_SOL33,0.0054745187776495076,Soil
Pontastacus leptodactylus,5,l_SOL34,0.004673433877366024,Soil
Pontastacus leptodactylus,5,l_SOL35,0.007622528249034913,Soil
Pontastacus leptodactylus,5,l_SOL36,0.004355235508208222,Soil
Pontastacus leptodactylus,5,l_SOL37,0.0028918732705901836,Soil
Pontastacus leptodactylus,5,l_SOL38,0.0033735557877321736,Soil
Pontastacus leptodactylus,5,l_SOL39,0.0036589364865411244,Soil
Pontastacus leptodactylus,5,l_SOL4,0.002948750321013247,Soil
Pontastacus leptodactylus,5,l_SOL40,0.0036006564318347752,Soil
Pontastacus leptodactylus,5,l_SOL42,0.00899665311147052,Soil
Pontastacus leptodactylus,5,l_SOL44,0.0038775502312777383,Soil
Pontastacus leptodactylus,5,l_SOL45,0.0010442940559567176,Soil
Pontastacus leptodactylus,5,l_SOL46,0.006248772633373022,Soil
Pontastacus leptodactylus,5,l_SOL47,0.004534893434107636,Soil
Pontastacus leptodactylus,5,l_SOL48,0.0024454277629389802,Soil
Pontastacus leptodactylus,5,l_SOL49,0.0,Soil
Pontastacus leptodactylus,5,l_SOL5,0.0032556673349966093,Soil
Pontastacus leptodactylus,5,l_SOL50,2.7173649773068273e-19,Soil
Pontastacus leptodactylus,5,l_SOL51,7.074752778160223e-19,Soil
Pontastacus leptodactylus,5,l_SOL52,1.0947210349509044e-19,Soil
Pontastacus leptodactylus,5,l_SOL53,0.0005477281319369408,Soil
Pontastacus leptodactylus,5,l_SOL54,0.00015400316181257007,Soil
Pontastacus leptodactylus,5,l_SOL55,0.0004961730229538965,Soil
Pontastacus leptodactylus,5,l_SOL56,0.0004542684584248642,Soil
Pontastacus leptodactylus,5,l_SOL57,0.002803812037311688,Soil
Pontastacus leptodactylus,5,l_SOL58,0.0031027208619332346,Soil
Pontastacus leptodactylus,5,l_SOL59,0.004563481021612712,Soil
Pontastacus leptodactylus,5,l_SOL6,0.0025964718005184804,Soil
Pontastacus leptodactylus,5,l_SOL60,0.0029988192112768673,Soil
Pontastacus leptodactylus,5,l_SOL7,0.007211828276446298,Soil
Pontastacus leptodactylus,5,l_SOL8,0.003379882360816119,Soil
Pontastacus leptodactylus,5,l_SOL9,0.009801348070002824,Soil
Pontastacus leptodactylus,5,l_TOP10,0.0018404900218758611,Topography
Pontastacus leptodactylus,5,l_TOP101,0.011315170456724215,Topography
Pontastacus leptodactylus,5,l_TOP102,0.02226737573938659,Topography
Pontastacus leptodactylus,5,l_TOP103,0.004220597531769971,Topography
Pontastacus leptodactylus,5,l_TOP104,0.004621936989008691,Topography
Pontastacus leptodactylus,5,l_TOP105,0.0009563892994194995,Topography
Pontastacus leptodactylus,5,l_TOP106,0.0013141467604655345,Topography
Pontastacus leptodactylus,5,l_TOP107,0.0020180895297927377,Topography
Pontastacus leptodactylus,5,l_TOP108,0.0025899290012458085,Topography
Pontastacus leptodactylus,5,l_TOP109,0.029644310077881122,Topography
Pontastacus leptodactylus,5,l_TOP11,0.002477191227372767,Topography
Pontastacus leptodactylus,5,l_TOP111,0.003430133118862828,Topography
Pontastacus leptodactylus,5,l_TOP112,0.003417781894573553,Topography
Pontastacus leptodactylus,5,l_TOP113,0.0037920695442511896,Topography
Pontastacus leptodactylus,5,l_TOP116,0.007886279319675622,Topography
Pontastacus leptodactylus,5,l_TOP118,0.0014897515584140965,Topography
Pontastacus leptodactylus,5,l_TOP119,0.0020369131804072386,Topography
Pontastacus leptodactylus,5,l_TOP12,0.0027027674273981685,Topography
Pontastacus leptodactylus,5,l_TOP124,0.003772250880453856,Topography
Pontastacus leptodactylus,5,l_TOP125,0.005597690971168145,Topography
Pontastacus leptodactylus,5,l_TOP126,0.004284374302865414,Topography
Pontastacus leptodactylus,5,l_TOP127,0.003688899672932442,Topography
Pontastacus leptodactylus,5,l_TOP13,0.0014209279841266849,Topography
Pontastacus leptodactylus,5,l_TOP132,0.004919554267014877,Topography
Pontastacus leptodactylus,5,l_TOP133,0.00040169807000959244,Topography
Pontastacus leptodactylus,5,l_TOP134,0.004199255898141692,Topography
Pontastacus leptodactylus,5,l_TOP135,0.0038978630524781266,Topography
Pontastacus leptodactylus,5,l_TOP136,0.00403175402291693,Topography
Pontastacus leptodactylus,5,l_TOP138,0.0027686148975989908,Topography
Pontastacus leptodactylus,5,l_TOP139,0.00266993690907241,Topography
Pontastacus leptodactylus,5,l_TOP14,0.002417632914195282,Topography
Pontastacus leptodactylus,5,l_TOP140,0.0031979341109786607,Topography
Pontastacus leptodactylus,5,l_TOP141,0.0026770090372223343,Topography
Pontastacus leptodactylus,5,l_TOP142,0.005676224670070493,Topography
Pontastacus leptodactylus,5,l_TOP143,0.004674343735688403,Topography
Pontastacus leptodactylus,5,l_TOP144,0.0034994758072868642,Topography
Pontastacus leptodactylus,5,l_TOP16,0.003033166327784856,Topography
Pontastacus leptodactylus,5,l_TOP17,8.033540515048924e-20,Topography
Pontastacus leptodactylus,5,l_TOP18,0.0033568421309740316,Topography
Pontastacus leptodactylus,5,l_TOP19,0.0034095132540385743,Topography
Pontastacus leptodactylus,5,l_TOP2,0.003075090152647566,Topography
Pontastacus leptodactylus,5,l_TOP20,0.0033733734287062734,Topography
Pontastacus leptodactylus,5,l_TOP23,0.003889408783881737,Topography
Pontastacus leptodactylus,5,l_TOP24,0.003461831298177382,Topography
Pontastacus leptodactylus,5,l_TOP26,0.0030179376815608876,Topography
Pontastacus leptodactylus,5,l_TOP27,0.0032341715496607545,Topography
Pontastacus leptodactylus,5,l_TOP28,0.00316442443107806,Topography
Pontastacus leptodactylus,5,l_TOP35,0.0035746721276490446,Topography
Pontastacus leptodactylus,5,l_TOP36,0.0031974749599158444,Topography
Pontastacus leptodactylus,5,l_TOP38,0.0027010573320508185,Topography
Pontastacus leptodactylus,5,l_TOP39,0.0031958079541031933,Topography
Pontastacus leptodactylus,5,l_TOP4,0.002375520241485868,Topography
Pontastacus leptodactylus,5,l_TOP40,0.0031170240539603895,Topography
Pontastacus leptodactylus,5,l_TOP41,0.0,Topography
Pontastacus leptodactylus,5,l_TOP42,0.0020431130401458238,Topography
Pontastacus leptodactylus,5,l_TOP43,0.003155513198720721,Topography
Pontastacus leptodactylus,5,l_TOP44,0.0033273598406038545,Topography
Pontastacus leptodactylus,5,l_TOP46,0.007094921680972907,Topography
Pontastacus leptodactylus,5,l_TOP47,0.004567296350583084,Topography
Pontastacus leptodactylus,5,l_TOP48,0.005670654864254547,Topography
Pontastacus leptodactylus,5,l_TOP49,0.0008786160840412425,Topography
Pontastacus leptodactylus,5,l_TOP5,0.002367464162761069,Topography
Pontastacus leptodactylus,5,l_TOP50,0.0017148745770240836,Topography
Pontastacus leptodactylus,5,l_TOP51,0.002193766822366267,Topography
Pontastacus leptodactylus,5,l_TOP52,0.0023761071900138026,Topography
Pontastacus leptodactylus,5,l_TOP53,0.005923371935380494,Topography
Pontastacus leptodactylus,5,l_TOP56,0.0028500060126318946,Topography
Pontastacus leptodactylus,5,l_TOP59,0.002416454908358884,Topography
Pontastacus leptodactylus,5,l_TOP6,0.0034943212251949325,Topography
Pontastacus leptodactylus,5,l_TOP63,0.0028458669478107993,Topography
Pontastacus leptodactylus,5,l_TOP64,0.002141970674405299,Topography
Pontastacus leptodactylus,5,l_TOP65,0.0014819448114872125,Topography
Pontastacus leptodactylus,5,l_TOP66,0.0018652106838099064,Topography
Pontastacus leptodactylus,5,l_TOP67,0.00207987233698577,Topography
Pontastacus leptodactylus,5,l_TOP68,0.0018727359597017152,Topography
Pontastacus leptodactylus,5,l_TOP7,0.0028482467085277014,Topography
Pontastacus leptodactylus,5,l_TOP71,0.002448570762109591,Topography
Pontastacus leptodactylus,5,l_TOP73,0.0013738869248154308,Topography
Pontastacus leptodactylus,5,l_TOP74,0.002201823736423646,Topography
Pontastacus leptodactylus,5,l_TOP75,0.0019782034464574812,Topography
Pontastacus leptodactylus,5,l_TOP76,0.001688410163396485,Topography
Pontastacus leptodactylus,5,l_TOP78,0.001429793786560073,Topography
Pontastacus leptodactylus,5,l_TOP79,0.00168154016179979,Topography
Pontastacus leptodactylus,5,l_TOP83,0.0018700067202804414,Topography
Pontastacus leptodactylus,5,l_TOP85,0.0010049871826025,Topography
Pontastacus leptodactylus,5,l_TOP86,0.001578405256563445,Topography
Pontastacus leptodactylus,5,l_TOP88,0.0021678891896891204,Topography
Pontastacus leptodactylus,5,l_TOP89,0.0010679883513226415,Topography
Pontastacus leptodactylus,5,l_TOP9,0.0008207338181117086,Topography
Pontastacus leptodactylus,5,l_TOP90,0.0010434022923212845,Topography
Pontastacus leptodactylus,5,l_TOP91,0.0017739619368693609,Topography
Pontastacus leptodactylus,5,l_TOP92,0.0019073190323174915,Topography
Pontastacus leptodactylus,5,l_TOP93,0.007028918813090254,Topography
Pontastacus leptodactylus,5,l_TOP97,0.004027326095179163,Topography
